医薬品名,効能,注意事項,使用方法,保存方法
ｱｰﾁｽﾄ錠2.5mg,このお薬は、慢性心不全治療薬です。僧帽弁閉鎖不全症や心筋症 などの治療に使用されます。,本剤投与後、食欲低下・めまい・ふらつき等の異常がみられた場合 は、すぐに獣医師にご相談下さい。,獣医師の指示のもと、用法用量を守って、正しくご使用下さい。,室温で保存して下さい。
ｶﾙﾊﾞｿﾞｸﾛﾑｽﾙﾎﾝ酸ﾅﾄﾘｳﾑ錠30mg,このお薬は、止血剤です。様々な原因による出血の治療に使用さ れます。,本剤投与後、異常がみられた場合は、すぐに獣医師にご相談下さ い。,獣医師の指示のもと、用法用量を守って、正しくご使用下さい。,室温で保存して下さい。
アジスロマイシン 250ｍｇ,このお薬は、マクロライド系の抗生物質です。効果の持続が長いの が特徴です。細菌感染の治療に使用されます。,本剤投与後、嘔吐、下痢などの消化器症状や、その他の異常がみ られた場合は、すぐに獣医師にご相談下さい。,獣医師から指示された用法用量を必ず守って下さい。指示のない 限り、途中で投与を中止しないで下さい。,室温で保存して下さい。
ｱﾀﾗｯｸｽ錠10mg,このお薬は、抗ヒスタミン剤です。アレルギー症状を誘発するヒスタ ミンなどの発生を抑える作用があります。,本剤投与後、眠くなったり、多飲になる場合があります。その他、異 常がみられた場合は獣医師にご相談下さい。,獣医師の指示のもと、用法用量を守って、正しくご使用下さい。,室温で保存して下さい。
ｱｾﾁﾙｽﾋﾟﾗﾏｲｼﾝ錠100,このお薬は、原虫駆除剤です。ジアルジア、トリコモナス、大腸バラ ンチジウムを駆除するために使用されます。,本剤投与後、異常がみられた場合は、すぐに獣医師にご相談下さ い。,獣医師の指示のもと、用法用量を守って、正しくご使用下さい。 密閉した容器にいれて、,室温で保存して下さい。
ｱﾀﾗｯｸｽ錠25mg,このお薬は、抗ヒスタミン剤です。アレルギー症状を誘発するヒスタ ミンなどの発生を抑える作用があります。,本剤投与後、眠くなったり、多飲になる場合があります。その他、異 常がみられた場合は獣医師にご相談下さい。,獣医師の指示のもと、用法用量を守って、正しくご使用下さい。,室温で保存して下さい。
ｱﾃﾞｺｯｸ錠30mg,このお薬は、抗アレルギー薬です。鼻炎や皮膚炎などの治療に使 用されます。,本剤投与後、異常がみられた場合は、すぐに獣医師にご相談下さ い。,獣医師の指示のもと、用法用量を守って、正しくご使用下さい。,室温で保存して下さい。
ｱﾄﾋﾟｶ100mgｶﾌﾟｾﾙ,このお薬は、免疫抑制剤です。犬のアトピー性皮膚炎の症状緩和 に使用されます。,本剤投与後、異常がみられた場合は、すぐに獣医師にご相談下さ い。,獣医師の指示のもと、用法用量を守って、必ず 空腹時に与えて下さ い。 直射日光と,湿気を避けて保存して下さい。
ｱﾄﾋﾟｶ10mgｶﾌﾟｾﾙ,このお薬は、免疫抑制剤です。犬のアトピー性皮膚炎の症状緩和 に使用されます。,本剤投与後、異常がみられた場合は、すぐに獣医師にご相談下さ い。,獣医師の指示のもと、用法用量を守って、必ず 空腹時に与えて下さ い。 直射日光と,湿気を避けて、25℃以下で保存して下さい。
ｱﾄﾋﾟｶ25mgｶﾌﾟｾﾙ,このお薬は、免疫抑制剤です。犬のアトピー性皮膚炎の症状緩和 に使用されます。,本剤投与後、異常がみられた場合は、すぐに獣医師にご相談下さ い。,獣医師の指示のもと、用法用量を守って、必ず 空腹時に与えて下さ い。 直射日光と,湿気を避けて保存して下さい。
ｱﾄﾋﾟｶ50mgｶﾌﾟｾﾙ,このお薬は、免疫抑制剤です。犬のアトピー性皮膚炎の症状緩和 に使用されます。,本剤投与後、異常がみられた場合は、すぐに獣医師にご相談下さ い。,獣医師の指示のもと、用法用量を守って、必ず 空腹時に与えて下さ い。 直射日光と,湿気を避けて保存して下さい。
アトピカ内用液17mL,このお薬は、猫の慢性アレルギー性皮膚炎の症状を緩和を目的と しています。,本剤投与後、異常がみられた場合は、すぐに獣医師にご相談下さ い。,獣医師の指示のもと、用法用量を守って、必ず 空腹時に与えて下さ い。 直射日光、,高温をさけて保存してください。
ｱﾋﾟﾅｯｸ錠12.5mg,このお薬は、ACE阻害剤です。血管を拡張させることで、心臓の負 担を軽減したり、心臓の肥大を抑制する作用があります。,本剤投与後、異常がみられた場合、または状態が改善されない場 合はすぐに獣医師にご相談下さい。,獣医師の指示のもと、用法用量を守って、正しくご使用下さい。,室温で保存して下さい。
ｱﾋﾟﾅｯｸ錠6mg,このお薬は、ACE阻害剤です。血管を拡張させることで、心臓の負 担を軽減したり、心臓の肥大を抑制する作用があります。,本剤投与後、異常がみられた場合、または状態が改善されない場 合はすぐに獣医師にご相談下さい。,獣医師の指示のもと、用法用量を守って、正しくご使用下さい。,室温で保存して下さい。
アピナック２５ｍｇ,このお薬は、ＡＣＥ阻害剤です。血管を拡張させることで、心臓の負 担を軽減したり、心臓の肥大を抑制する作用があります。,本剤投与後、異常が見られた場合、または状態が改善されない場 合は、すぐに獣医師にご相談ください。,獣医師の指示のもと、用法用量を守って正しくご使用ください。,室温で保存してください。
アポキル3.6mg,このお薬はアトピー性皮膚炎およびアレルギー性皮膚炎による痒 みを緩和する分子標的薬です,本剤投与後に下痢や嘔吐がみられた場合は投与を中止し、すぐに 獣医師にご相談ください。,獣医師の指示のもと、用法用量を守って、与えて下さい。,室温で保存して下さい。
アポキル5.4mg,このお薬はアトピー性皮膚炎およびアレルギー性皮膚炎による痒 みを緩和する分子標的薬です,本剤投与後に下痢や嘔吐がみられた場合は投与を中止し、すぐに 獣医師にご相談ください。,獣医師の指示のもと、用法用量を守って、与えて下さい。,室温で保存して下さい。
アポキル16mg,このお薬はアトピー性皮膚炎およびアレルギー性皮膚炎による痒 みを緩和する分子標的薬です,本剤投与後に下痢や嘔吐がみられた場合は投与を中止し、すぐに 獣医師にご相談ください。,獣医師の指示のもと、用法用量を守って、与えて下さい。,室温で保存して下さい。
アポキルチュアブル 3.6mg,このお薬はアトピー性皮膚炎およびアレルギー性皮膚炎による痒 みを緩和する分子標的薬です,本剤投与後に下痢や嘔吐がみられた場合は投与を中止し、すぐに 獣医師にご相談下さい 嗜好性が高く、用量以上に誤食してしまう危険性がありますので保 管場所にはご注意ください,獣医師の指示のもと、用法用量を守って、与えてください,室温で保存してください
アポキルチュアブル 5.4mg,このお薬はアトピー性皮膚炎およびアレルギー性皮膚炎による痒 みを緩和する分子標的薬です,本剤投与後に下痢や嘔吐がみられた場合は投与を中止し、すぐに 獣医師にご相談下さい 嗜好性が高く、用量以上に誤食してしまう危険性がありますので保 管場所にはご注意ください,獣医師の指示のもと、用法用量を守って、与えて下さい,室温で保存してください
アポキルチュアブル 16mg,このお薬はアトピー性皮膚炎およびアレルギー性皮膚炎による痒 みを緩和する分子標的薬です,本剤投与後に下痢や嘔吐がみられた場合は投与を中止し、すぐに 獣医師にご相談下さい 嗜好性が高く、用量以上に誤食してしまう危険性がありますので保 管場所にはご注意ください,受医師の指示のもと、用法用量を守って、与えてください,室温で保存して下さい
ｱﾐｻﾘﾝ錠125mg,このお薬は、不整脈治療剤です。不整脈の治療などに使用されま す。,本剤投与後、異常がみられた場合は、すぐに獣医師にご相談下さ い。,獣医師の指示のもと、用法用量を守って、正しくご使用下さい。 湿気を避けて、,室温で保存して下さい。
アモキクリア錠100,このお薬は、ペニシリン系の抗生物質です。細菌感染の治療に使 用されます。,本剤投与後、嘔吐、下痢などの消化器症状や、その他の異常がみ られた場合は、すぐに獣医師にご相談下さい。,獣医師から指示された用法用量を必ず守って下さい。指示のない 限り、途中で投与を中止しないで下さい。 直射日光と,高温多湿を避けて保存して下さい。
ｱﾗﾊﾞ錠10mg,このお薬は、免疫抑制剤です。免疫機能を抑制するために使用さ れます。,本剤投与後、異常がみられた場合は、すぐに獣医師にご相談下さ い。,獣医師の指示のもと、用法用量を守って、正しくご使用下さい。,室温で保存して下さい。
アラバ錠20mg,このお薬は、免疫抑制剤です。免疫機能を抑制するために使用さ れます。,本剤投与後、異常がみられた場合は、すぐに獣医師にご相談下さ い。,獣医師の指示のもと、用法用量を守って、正しくご使用下さい。,室温で保存して下さい。
アリチア配合錠,複合ﾋﾞﾀﾐﾝ剤です。 神経の保護・活性化作用があります。 肝臓の再生を助けます。,,,
ｱﾙｹﾗﾝ錠2mg,このお薬は、抗癌剤のひとつです。 このお薬は、胃炎・消化性潰瘍治療剤です。胃・十二指腸の炎症・ 潰瘍の治療に使用されます。 このお薬は、胃炎・消化性潰瘍治療剤です。胃・十二指腸の炎症・ 潰瘍の治療に使用されます。 このお薬は、胃炎・消化性潰瘍治療剤です。胃・十二指腸の炎症・ 潰瘍の治療に使用されます。 このお薬は、胃炎・消化性潰瘍治療剤です。胃・十二指腸の炎症・ 潰瘍の治療に使用されます。 このお薬は、胃炎・消化性潰瘍治療剤です。胃・十二指腸の炎症・ 潰瘍の治療に使用されます。,本剤に直接手を触れないで下さい。また、 本剤投与後2日間は、排 泄物にも直接手を触れないで下さい。 本剤投与後、異常がみ られた場合は獣医師にご相談下さい。 本剤投与後、異常がみ られた場合は獣医師にご相談下さい。 本剤投与後、異常がみ られた場合は獣医師にご相談下さい。 本剤投与後、異常がみ られた場合は獣医師にご相談下さい。 本剤投与後、異常がみ られた場合は獣医師にご相談下さい。,獣医師の指示のもと、用法用量を守って、正しくご使用下さい。 光を避け、 食事や他の薬剤とは別に投与して下さい。 獣医師の指示のもと、用法用量を守って、正しくご使用下さい。 食事や他の薬剤とは別に投与して下さい。 獣医師の指示のもと、用法用量を守って、正しくご使用下さい。 食事や他の薬剤とは別に投与して下さい。 獣医師の指示のもと、用法用量を守って、正しくご使用下さい。 食事や他の薬剤とは別に投与して下さい。 獣医師の指示のもと、用法用量を守って、正しくご使用下さい。 食事や他の薬剤とは別に投与して下さい。 獣医師の指示のもと、用法用量を守って、正しくご使用下さい。,気密容器に入れて2～8℃で保存して下さい。 ｱﾙｻﾙﾐﾝ細粒90% ～10kg 室温で保存して下さい。 ｱﾙｻﾙﾐﾝ細粒90% ～20kg 室温で保存して下さい。 ｱﾙｻﾙﾐﾝ細粒90% ～30kg 室温で保存して下さい。 ｱﾙｻﾙﾐﾝ細粒90% ～40kg 室温で保存して下さい。 ｱﾙｻﾙﾐﾝ細粒90% ～50kg 室温で保存して下さい。
アルファカルシドール錠0.25㎎,・ この製品は、サンテアニンを主成分とする犬用のサプリメントです。 給与後、異常がみられた場合は、すぐに獣医師にご相談下さい。 獣医師に相談の上、正しく与えて下さい。,,,室温保存・遮光・気密容器 ｱﾝｷｼﾀﾝM/L 室温の暗所に保存して下さい。
アロプリノール100mg,このお薬は、高尿酸血症治療剤です。尿酸結石の融解や予防に使 用されます。 この製品は、サンテアニンを主成分とする犬猫用のサプリメントで す。 給与後、異常がみられた場合は、すぐに獣医師にご相談下さい。 獣医師に相談の上、正しく与えて下さい。,本剤投与後、異常がみられた場合は使用を止め、獣医師にご相談 下さい。,獣医師の指示のもと、用法用量を守って、正しくご使用下さい。,室温で保存して下さい。 ｱﾝｷｼﾀﾝS 室温の暗所に保存して下さい。
イグザレルト,このお薬は抗血小板薬です。血栓症や塞栓症に対して使用されま す。,本剤投与後、異常がみられた場合、すぐに獣医師にご相談くださ い。また、異常な出血があった場合すぐにご連絡ください。,獣医師の指示のもと、用法用量を守って正しくご使用ください。 湿気を避けて、,室温保存してください。
イーケプラ錠250㎎,このお薬は、てんかん発作を抑制・軽減するお薬です。 投与初期に、元気がない、食欲がない、寝てばかりいる、ふらつくな どの症状がみられる場合があります。 このお薬は、外傷・皮膚潰瘍治療剤です。肉芽形成、表皮再生を促 進させ、びらん・潰瘍の治療に使用されます。 本剤散布後、異常がみられた場合はすぐに獣医師にご相談下さ い。,,獣医師の指示のもと、用法用量を守って正しくご使用下さい。 獣医師の指示のもと、用法用量を守って、正しくご使用下さい。,室温で保存してください。 ｲｻﾛﾊﾟﾝ外用散6% 室温で保存して下さい。
イトラコナゾール錠50㎎,このお薬は、トリアゾール系の抗真菌薬です。真菌感染の治療のた めに使用されます。,本剤投与後、嘔吐、下痢などの消化器症状や、その他の異常がみ られた場合は、すぐに獣医師にご相談下さい。 空腹時は避けて、脂肪分の多い食事とともに服用させて下さい。指 示のない限り途中で投与を中止しないで下さい。,,室温で保存して下さい。
ｲﾄﾗｺﾅｿﾞｰﾙ錠100,このお薬は、トリアゾール系の抗真菌薬です。真菌感染の治療のた めに使用されます。,本剤投与後、嘔吐、下痢などの消化器症状や、肝障害がみられる ことがあります。その他の異常がみられた場合は、すぐ獣医師にご 相談ください。 空腹時は避けて、脂肪分の多い食事とともに服用させて下さい。指 示のない限り途中で投与を中止しないで下さい。,,室温で保存して下さい。
イトラベット25mg,このお薬は、トリアゾール系の抗真菌薬です。真菌感染の治療のた めに使用されます。,本剤投与後、異常がみられた場合は、すぐに獣医師にご相談下さ い。,獣医師の指示のもと、用法用量を守って、正しくご使用下さい。 気密容器に入れて、,室温で保存してください。
イベルメクチン,このお薬は駆虫薬です。フィラリア予防薬、あるいは毛包虫の治療 として使用されます。 ふらつきなどの神経症状。フィラリアに感染している動物に投与した 場合、ショック症状がみられることがあります。 必ずフィラリアに感染していないことを確認してから投与してくださ い。,,獣医師の指示のもと、用法用量を守って、正しくご使用下さい。,室温で保存して下さい。
ｲﾑﾗﾝ錠50mg,このお薬は、免疫抑制剤です。免疫機能を抑制するために使用さ れます。,本剤投与後、異常ががみられた場合は、すぐに獣医師にご相談くだ さい。 投薬の際は手袋などを着用し、素手で触れないようにしてください。,獣医師の指示のもと、用法用量を守って、正しくご使用下さい。 気密容器に入れ、 光を避けて,室温で保存して下さい。
イマチブ,遺伝子を標的とする分子標的薬です。犬や猫の肥満細胞腫などの 治療に用いられます。 消化器症状が認められる場合があります。異常がみられた場合は すぐに獣医師にご相談ください。 投薬の際は手袋などを着用し、素手で触れないようにしてください。,,獣医師の指示のもと、用法用量を守って、正しくご使用下さい。,
ｲﾝﾃﾞﾗﾙ錠,このお薬は、不整脈治療剤です。不整脈の治療に使用されます。,本剤投与後、異常がみられた場合は、すぐに獣医師にご相談下さ い。,獣医師の指示のもと、用法用量を守って、正しくご使用下さい。 光を避けて、,室温で保存して下さい。 ｳｪﾙﾒｲﾄ粒10% 細菌感染のためのお薬です。 まれに消火器症状(下痢・嘔吐)が現れることがあります。 お薬の返品、交換はお受けできませんので、ご了承ください
ウルソデオキシコール酸錠50mg,胆汁の流れを促進します。,本剤投与後、異常がみられた場合、すぐに獣医師にご相談下さい。,,
ウルソデオキシコール酸錠100mg,胆汁の流れを促進します。,本剤投与後、異常がみられた場合は、すぐ獣医師にご相談下さい。,,
ｳﾛｴｰｽ錠,このお薬は、前立腺肥大症治療剤です。,本剤投与後、異常がみられた場合は、すぐに獣医師にご相談下さ い。,獣医師の指示のもと、用法用量を守って、正しくご使用下さい。,室温で保存して下さい。
ｴｸｾｸﾞﾗﾝ錠100mg,このお薬は、抗てんかん薬です。脳神経の興奮を抑えることができ ます。 本剤は薬が体に馴染むまで初回投与から約2週間かかり、食欲減 少、ふらつきなどがみられることがあります。,,獣医師の指示のもと、用法用量を守り、食事に混ぜて投与して下さ い。,室温で保存して下さい。
ｴｸｾﾐﾄﾞ錠100mg,このお薬は、抗てんかん薬です。脳神経の興奮を抑えることができ ます。 本剤は薬が体に馴染むまで初回投与から約2週間かかり、食欲減 少、ふらつきなどがみられることがあります。,,獣医師の指示のもと、用法用量を守り、食事に混ぜて投与して下さ い。,室温で保存して下さい。
ｴﾅｶﾙﾄﾞ錠1,このお薬は、ACE阻害剤です。血管を拡張させることで、心臓の負 担を軽減したり、心臓の肥大を抑制する作用があります。,本剤投与後、嘔吐や下痢がみられたり、動物の状態が悪化した場 合は、すぐに獣医師にご相談下さい。,獣医師の指示のもと、用法用量を守って、正しくご使用下さい。 光を避け、 気密容器に入れて,室温で保存して下さい。
ｴﾅｶﾙﾄﾞ錠2.5,このお薬は、ACE阻害剤です。血管を拡張させることで、心臓の負 担を軽減したり、心臓の肥大を抑制する作用があります。,本剤投与後、嘔吐や下痢がみられたり、動物の状態が悪化した場 合は、すぐに獣医師にご相談下さい。,獣医師の指示のもと、用法用量を守って、正しくご使用下さい。 光を避け、 気密容器に入れて,室温で保存して下さい。
エンロクリア50mg錠,このお薬は、ニューキノロン系の抗菌剤です。細菌感染の治療に使 用されます。,本剤投与後、嘔吐、下痢などの消化器症状や、その他の異常がみ られた場合は、すぐ獣医師にご相談ください。,獣医師から指示された用法用量を必ず守ってください。指示のない 限り、途中で投与を中止しないでください。,小児の手の届かないところで保存してください。
エンロクリア15mg,このお薬は、ニューキノロン系の抗菌剤です。細菌感染の治療に使 用されます。,本剤投与後、副作用がみられた場合は、すぐに獣医師にご相談下 さい。,獣医師の指示のもと、用法用量を守って、正しく与えて下さい。 気密容器に入れて、,室温で保存して下さい。
エピレス錠10ｍｇ,このお薬は、抗てんかん薬です。脳神経の興奮を抑えることができ ます。 本剤は、薬が馴染むまで初回投与から約２週間かかり、食欲減少、 ふらつきなどがみられることがあります。投与後、異常がみられた 場合は、すぐに獣医師にご相談下さい。,,獣医師の指示のもと、用法用量を守って、正しくご使用下さい。,室温で保存して下さい。
エピレス錠20mg,このお薬は、抗てんかん薬です。脳神経の興奮を抑えることができ ます。 本剤は、薬が馴染むまで初回投与から約2週間かかり、食欲減少、 ふらつきなどがみられることがあります。投与後、異常がみられた 場合は、すぐに獣医師にご相談ください。,,獣医師の指示のもと、用法用量を守って、正しくご使用下さい。,室温で保存して下さい。
エビオス錠,胃腸薬で、吐き気などがみられる際に使用されます。 異常がみられた場合は、獣医師にご相談下さい。,,,
エリスロマイシン,マクロライド系の抗菌剤と使用されるほか、消化管運動も促進しま す。,本剤投与後、異常がみられた場合は、すぐ獣医師にご相談くださ い。,獣医師の指示のもと、用法用量を守って、正しくご使用ください。,
エフェドリン塩酸塩錠,このお薬は、気管支拡張、鎮咳剤です。,本剤投与後、頬脈、高血圧、その他の異常がみられた場合は、すぐ に獣医師にご相談ください。,獣医師の指示のもと、用法用量を必ず守って、使用してください。,
エストリオール錠1㎎,このお薬は、卵胞ホルモン製剤です。女性ホルモンの働きが不十 分な時におこる症状を改善します。,本剤投与後、異常がみられた場合は、すぐに獣医師にご相談下さ い。,獣医師の指示のもと、用法用量を守って、正しくご使用下さい。,室温で保存して下さい。
ｵｰｸﾞﾒﾝﾁﾝ配合錠125SS,このお薬は、複合合成抗生物質です。細菌感染の治療に使用され ます。,本剤投与後、嘔吐、下痢などの消化器症状や、その他の異常がみ られた場合は、すぐに獣医師にご相談下さい。,獣医師から指示された用法用量を必ず守って下さい。指示のない 限り、途中で投与を中止しないで下さい。 湿気を避けて、,室温で保存して下さい。
ｵｰｸﾞﾒﾝﾁﾝ配合錠250RS,このお薬は、複合合成抗生物質です。細菌感染の治療に使用され ます。,本剤投与後、嘔吐、下痢などの消化器症状や、その他の異常がみ られた場合は、すぐに獣医師にご相談下さい。,獣医師から指示された用法用量を必ず守って下さい。指示のない 限り、途中で投与を中止しないで下さい。 湿気を避けて、,室温で保存して下さい。
オフロキサシン錠100mg,このお薬は、ニューキノロン系の抗菌剤です。細菌感染の治療に使 用されます。,本剤投与後、嘔吐、下痢などの消化器症状や、その他の異常がみ られた場合は、すぐに獣医師にご相談下さい。,獣医師から指示された用法用量を必ず守って下さい。指示のない 限り、途中で投与を中止しないで下さい。,室温で保存して下さい。
ｵﾍﾟﾌﾟﾘﾑ,このお薬は、副腎皮質ホルモン合成阻害剤です。副腎皮質機能亢 進症の治療に使用されます。,本剤投与後、異常がみられた場合は、すぐに獣医師にご相談下さ い。定期的な検診・検査が必要です。,獣医師の指示のもと、用法用量を守って、正しくご使用下さい。,室温で保存して下さい。
ｵﾒﾌﾟﾗｿﾞｰﾙ錠20mg｢ｱﾒﾙ｣,このお薬は、プロトンポンプ阻害剤です。胃・十二指腸の炎症・潰瘍 の治療などに使用されます。,本剤投与後、異常がみられた場合は、すぐに獣医師にご相談下さ い。 必ず噛み砕かせずに投与して下さい。,獣医師の指示のもと、用法 用量を守って、正しくご使用下さい。 気密容器に入れて、,室温で保存して下さい。開封後は湿気を避け て保存してください。
ｵﾒﾌﾟﾗｿﾞｰﾙ錠１０ｍｇ,このお薬は、プロトンポンプ阻害剤です。胃・十二指腸の炎症･潰瘍 の治療などに使用されます。,本剤投与後、異常がみられた場合は、すぐに獣医師にご相談下さ い。 必ず噛み砕かせずに投与して下さい。,獣医師の指示のもと、用法 用量を守って、正しくご使用下さい。 湿気を避けて、,室温で保存して下さい。
オンシオール猫用6㎎,このお薬は、非ステロイド性消炎鎮痛剤です。痛みを抑え、熱を下 げ、炎症を取ります。,本剤投与後、嘔吐、軟便、下痢が見られることがあります。その場 合は、すぐに獣医師にご相談ください。,獣医師の指示のもと、用法用量を守って正しくご使用ください。 可能であれば食事の前後30分あけて投与して下さい。 気密容器に入れ、,室温で保存してください。
ｶﾞｽﾓﾁﾝ錠 5mg,<消化管運動機能改善薬・巨大結腸症の薬> 消化管の運動機能を調整します。 投薬に伴い、動物に異常が認められた場合は担当獣医師までご相 談下さい。,,,
ガスモチン錠2.5mg,このお薬は、消化管運動機能改善剤です。胃・十二指腸などの運 動機能低下、食欲不振、嘔吐の改善などに使用されます。,本剤投与後、異常がみられた場合は、すぐに獣医師にご相談下さ い。,獣医師の指示のもと、用法用量を守って、正しくご使用下さい。 気密容器に入れて、,室温で保存して下さい。
ガバペン200ｍｇ,このお薬は、抗てんかん剤です。脳神経の興奮を抑えることができ ます。また、神経性の痛みを抑えることができます。 本剤は初回投与後から一過性にふらつきなどがみられることがあり ます。異常がみられた場合は獣医師にご相談下さい。,,獣医師の指示のもと、用法用量を守り、食事に混ぜて投与して下さ い。,室温で保存して下さい。
ｶﾌﾟﾄﾌﾟﾘﾙ錠12.5｢SW｣,このお薬は、ACE阻害剤です。血管を拡張させることで、心臓の負 担を軽減したり、心臓の肥大を抑制する作用があります。,本剤投与後、嘔吐や下痢がみられたり、動物の状態が悪化した場 合は、すぐに獣医師にご相談下さい。,獣医師の指示のもと、用法用量を守って、正しくご使用下さい。 湿気を避けて、,室温で保存して下さい。 カプロモレリン（海外薬）
ｶﾓｽﾃｰﾄ錠100,このお薬は、経口蛋白分解酵素阻害剤です。慢性膵炎、術後の逆 流性食道炎の治療などに使用されます。,本剤投与後、異常があらわれた場合は、すぐに獣医師にご相談下 さい。,獣医師の指示のもと、用法用量を守って、正しくご使用下さい。,室温で保存して下さい。
ｶﾞﾝﾏﾀﾞｰﾑ,この製品は、リノール酸、ガンマリノレン酸を主成分とする犬猫用サ プリメントです。 給与後、異常がみられた場合は、すぐに獣医師にご相談下さい。 獣医師に相談の上、正しく与えて下さい。,,,室温で保存して下さい。
カルデミン錠,このお薬は、活性型ﾋﾞﾀﾐﾝD3製剤です。上皮小体機能亢進症の治 療や予防に使用されます。 高Ca血症に注意してください。,,獣医師の指示のもと、用法用量を守って使用してください。,
カルベジロール1.25ｍｇ,このお薬は、慢性心不全治療薬です。僧帽弁閉鎖不全症や心筋症 などの治療に使用されます。,本剤投与後、食欲低下・めまい・ふらつき等の異常がみられた場合 は、すぐに獣医師にご相談下さい。,獣医師の指示のもと、用法用量を守って、正しくご使用下さい。,室温で保存して下さい。
ギャバロン錠,このお薬は、尿道を広げて残尿を改善します。,本剤投与後、ふらつきなどの異常がみられた場合は、すぐに獣医 師にご相談ください。,獣医師の指示のもと、用法用量を守って、正しくご使用ください。猫 には与えないでください。,室温で保存してください。
クラバセプチン250ｍｇ,このお薬はペニシリン系薬であるアモキシシリン水和物およびβラ クタマーゼ阻害薬であるクラブラン酸カリウムを有効成分とする抗 生物質です。 本製品を給与後、異常がみられた場合は、すぐに獣医師にご相談 下さい。本剤の成分又はペニシリン系セファロスポリン系薬剤に過 敏症を有する人は手袋をつけるなど直接の接触を避け、皮疹など の症状が出た場合は直ちに 本剤は要指示薬品です。獣医師等の処方箋、指示により用法用量 を守って正しく使用してください。 小児の手の届かないところで直射日光、高温多湿を避け保管してく ださい。,,,
クラバセプチン62.5ｍｇ,このお薬はペニシリン系薬であるアモキシシリン水和物およびβラ クタマーゼ阻害薬であるクラブラン酸カリウムを有効成分とする抗 生物質です。 本製品を給与後、異常がみられた場合は、すぐに獣医師にご相談 下さい。本剤の成分又はペニシリン系セファロスポリン系薬剤に過 敏症を有する人は手袋をつけるなど直接の接触を避け、皮疹など の症状が出た場合は直ちに 本剤は要指示薬品です。獣医師等の処方箋、指示により用法用量 を守って正しく使用してください。 小児の手の届かないところで直射日光、高温多湿を避け保管してく ださい。,,,
ｸﾞﾘｾﾘﾝ,このお薬は、浣腸などに使用されます。溶剤、軟膏基材、湿潤、粘 滑剤として調剤にも使用されます。 本剤は、動物に飲ませないようにして下さい。異常がみられた場合 はすぐに獣医師にご相談下さい。,,獣医師の指示のもと、正しくご使用下さい。 湿気を避けて、,室温で保存して下さい。
ｸﾞﾙｺﾝｻﾝK錠5mEq,このお薬は、カリウム補給剤です。低カリウム血症などに使用され ます。,本剤投与後、改善が見られない場合は漫然と使用せず、獣医師に 相談下さい。,獣医師の指示のもと、用法用量を守って、正しくご使用下さい。食事 と同時に投与して下さい。 気密容器に入れて、,室温で保存して下さい。
クレメジンカプセル 200㎎,このお薬は、経口吸着薬です。消化管内の毒物を吸着し、便ととも に排出させます。,本剤投与後、便が黒くなる事がありますが無害です。他の薬と併用 すると、作用が弱くなる恐れがありますのでご相談下さい。,獣医師の指示のもと、用法用量を守って、正しくご使用下さい。指示 がない限り途中で投与を中止しないで下さい。 湿気を避けて、,室温で保存して下さい。
コバルジンカプセル200㎎,このお薬は、経口吸着薬です。消化管内の毒物を吸着し、便ととも に排出させます。,本剤投与後、便が黒くなる事がありますが無害です。他の薬と併用 すると、作用が弱くなる恐れがありますのでご相談下さい。,獣医師の指示のもと、用法用量を守って、正しくご使用下さい。指示 がない限り途中で投与を中止しないで下さい。 直射日光と,高温多湿を避けて保存して下さい。 グルコンサンK粉剤 4mEq/g
クロピドグレル,このお薬は抗血小板薬です。血栓症や塞栓症に対して使用されま す。,本剤投与後、異常がみられた場合は、すぐに獣医師にご相談くださ い。また、異常な出血があった場合すぐにご連絡ください。,獣医師の指示のもと、用法用量を守って正しくご使用ください。 湿気を避けて、,室温保存して下さい。
ｸﾛﾐｶﾙﾑ錠20mg,このお薬は、三環系抗うつ剤です。脳内の神経細胞の働きを抑制 することによって、不安や緊張を和らげます。 本剤は早期の効果を期待するものではありません。他の治療法と の併用が必要です。,,獣医師の指示に従って下さい。 獣医師の指示のもと、用法用量を守って、正しくご使用下さい。 高温と,湿気を避けて保存して下さい。 クロラムブシル(海外薬)
クレマスチン,このお薬は、抗ヒスタミン剤です。アレルギーの症状を誘発するヒス タミンなどの発生を抑えます。,本剤投与後、異常がみられた場合は、すぐに獣医師にご相談下さ い。 お薬の返品、交換はお受けできませんのでご了承ください。,,
ｹﾌﾚｯｸｽｶﾌﾟｾﾙ250mg,このお薬は、セフェム系第1世代の抗生物質です。細菌感染の治療 に使用されます。,本剤投与後、嘔吐、下痢などの消化器症状や、その他の異常がみ られた場合は、すぐに獣医師にご相談下さい。,獣医師から指示された用法用量を必ず守って下さい。指示のない 限り、途中で投与を中止しないで下さい。 気密容器に入れて,室温で保存して下さい。
ｺﾞｸﾐｼﾝ錠100,このお薬は、利胆剤です。肝胆道系の治療に使用されます。,本剤投与後、異常がみられた場合は、すぐに獣医師にご相談下さ い。,獣医師の指示のもと、用法用量を守って、正しくご使用下さい。,室温で保存して下さい。
ケトコナゾールUSP 200mg,このお薬は、下垂体依存性の副腎皮質機能亢進症（クッシング病） による高コルチゾール血症を改善する作用があります。,本剤投与後、異常がみられた場合は、すぐに獣医師にご相談下さ い。,獣医師の指示のもと、用法用量を守って、正しくご使用下さい。,室温で保存して下さい。
ｺﾞｸﾐｼﾝ錠50,このお薬は、利胆剤です。肝胆道系の治療に使用されます。 この製品は、コンドロイチン、グルコサミン、マンガンを主成分とする 犬用のサプリメントです。 給与後、異常がみられた場合は、すぐに獣医師にご相談下さい。 獣医師に相談の上、正しく与えて下さい。 直射日 この製品は、コンドロイチン、グルコサミン、マンガンを主成分とする 犬用のサプリメントです。 給与後、異常がみられた場合は、すぐに獣医師にご相談下さい。 獣医師に相談の上、正しく与えて下さい。 直射日 この製品は、コンドロイチン、グルコサミン、マンガンを主成分とする 犬猫用の関節サプリメントです。 給与後、異常がみられた場合は、すぐに獣医師にご相談下さい。 獣医師に相談の上、正しく与えて下さい。 直射日,本剤投与後、異常がみられた場合は、すぐに獣医師にご相談下さ い。,獣医師の指示のもと、用法用量を守って、正しくご使用下さい。,室温で保存して下さい。 ｺｾｸｲﾝDS120 光を避け、乾燥した涼しいところに保存してください。 ｺｾｸｲﾝDS40 光を避け、乾燥した涼しいところに保存してください。 ｺｾｸｲﾝﾊﾟｳﾀﾞｰIN 光を避け、乾燥した涼しいところに保存してください。
コンセーブ２５㎎,このお薬は、抗てんかん剤です。脳神経の興奮を抑えることができ ます。 本剤は、薬が馴染むまで初回投与から約２週間かかり、食欲減少、 ふらつきなどがみられることがあります。,,獣医師の指示のもと、用法用量を守り、食事に混ぜて投与して下さ い。,室温で保存して下さい。
コンセーブ１００㎎,このお薬は、抗てんかん剤です。脳神経の興奮を抑えることができ ます。 本剤は、薬が馴染むまで初回投与から薬2週間かかり、食欲減少、 ふらつきなどがみられることがあります。 この製品は、コンドロイチン硫酸、キトサンを主成分とする犬猫用の サプリメントです。 給与後、異常がみられた場合は、すぐに獣医師にご相談下さい。 獣医師に相談の上、正しく与えて下さい。 この製品は、コンドロイチン硫酸、キトサンを主成分とする犬用のサ プリメントです。 給与後、異常がみられた場合は、すぐに獣医師にご相談下さい。 獣医師に相談の上、正しく与えて下さい。 この製品は、コンドロイチン硫酸、キトサンを主成分とする犬用のサ プリメントです。 給与後、異常がみられた場合は、すぐに獣医師にご相談下さい。 獣医師に相談の上、正しく与えて下さい。,,獣医師の指示のもと、用法用量を守り、食事に混ぜて投与して下さ い。,室温で保存して下さい。 ｺﾝﾄﾞﾛﾌﾚｯｸｽ225 室温で保存して下さい。 ｺﾝﾄﾞﾛﾌﾚｯｸｽ375 室温で保存して下さい。 ｺﾝﾄﾞﾛﾌﾚｯｸｽ525 室温で保存して下さい。
ｻｲﾄﾃｯｸ錠100,このお薬は、抗潰瘍剤です。非ステロイド性消炎鎮痛剤の投与によ る胃・十二指腸の炎症・潰瘍などの治療に使用されます。,本剤投与後、異常がみられた場合は、すぐに獣医師にご相談下さ い。,獣医師の指示のもと、用法用量を守って、正しくご使用下さい。 気密容器に入れ 湿気を避けて、,室温で保存して下さい。
ｻｷｵｼﾞｰﾙ錠25mg,このお薬は、前立腺肥大症治療薬です。前立腺の肥大に伴う排尿 障害、頻尿、残尿感などを改善します。,本剤投与後、異常がみられた場合は、すぐに獣医師にご相談下さ い。定期的な検査が必要です。,獣医師の指示のもと、用法用量を守って、正しくご使用下さい。,室温で保存して下さい。
ｻﾗｿﾞﾋﾟﾘﾝ錠500mg,このお薬は、スルホンアミド系化学療法剤です。抗菌作用と抗炎症 作用があり、炎症性消化器疾患などの治療に用いられます。,本剤投与後、嘔吐、下痢などの消化器症状や、その他の異常がみ られた場合は、すぐに獣医師にご相談下さい。,獣医師から指示された用法用量を必ず守って下さい。指示のない 限り、途中で投与を中止しないで下さい。,室温で保存して下さい。
ジアイナ配合カプセル,複合ﾋﾞﾀﾐﾝ剤です。 神経の保護・活性化作用があります。 肝臓の再生を助けます。 お薬の返品、交換はお受けできませんので、ご了承ください。,,,
ジアゼパム５ｍｇ,シクロスポリン細粒17％ 0.3g,,,
ｼｸﾛｽﾎﾟﾘﾝｶﾌﾟｾﾙ25mｇ,このお薬は、免疫抑制剤です。免疫機能を抑制するために使用さ れます。,本剤投与後、異常がみられた場合は、すぐに獣医師にご相談下さ い。,獣医師の指示のもと、用法用量を守って、必ず 空腹時に与えて下さ い。子供の手の届かないところに保管するようにしてください。,室温で保存して下さい。服薬直前まで包装のまま保存して下さい。
ｼｸﾛｽﾎﾟﾘﾝｶﾌﾟｾﾙ50mg,このお薬は、免疫抑制剤です。免疫機能を抑制するために使用さ れます。,本剤投与後、異常がみられた場合は、すぐに獣医師にご相談下さ い。,獣医師の指示のもと、用法用量を守って、必ず 空腹時に与えて下さ い。子供の手の届かないところに保管するようにしてください。,室温で保存して下さい。服薬直前まで包装のまま保存して下さい。 シクラバンス5ml ＜全 1 箱＞ 難治性のアトピー性皮膚炎における症状の緩和 シクラバンス15ｍｌ ＜全 1 箱＞ 難治性のアトピー性皮膚炎における症状の緩和
ｼﾞｺﾞｷｼﾝ錠｢ﾀｲﾖｰ｣0.25mg,このお薬は、強心配糖体製剤です。心臓の収縮力を強め、抗不整 脈作用があります。,本剤投与後、挙動の変化、無気力、沈うつ等の異常がみられた場 合はすぐに獣医師に報告して下さい。,獣医師の指示のもと、用法用量を守って、正しくご使用下さい。 気密容器に入れ、 光を避けて,室温で保存して下さい。
ジゴシン錠0.125㎎,このお薬は、強心配糖体製剤です。心臓の収縮力を強めます。また 抗不整脈作用もあります。,本剤投与後、挙動の変化、無気力、沈うつ等の異常がみられた場 合はすぐに獣医師に報告して下さい。,獣医師の指示のもと、用法用量を守って、正しくご使用下さい。 光を避け、 気密容器に入れて,室温で保存して下さい。
ｼﾞｺﾞｼﾝｴﾘｷｼﾙ0.05mg/mL,このお薬は、強心配糖体製剤です。心臓の収縮力を強めます。また 抗不整脈作用もあります。,本剤投与後、挙動の変化、無気力、沈うつ等の異常がみられた場 合はすぐに獣医師に報告して下さい。,獣医師の指示のもと、用法用量を守って、正しくご使用下さい。 光を避け、 気密容器に入れて,室温で保存して下さい。
ｼﾙﾋﾟﾅ,この製品は、耳道を良好な状態に保つイヤークリーナーです。 使用後、異常がみられた場合は、すぐに獣医師にご相談下さい。 獣医師に相談の上、正しくご使用下さい。 気密容器に入れて、,,,室温で保存して下さい。
硝酸ｲｿｿﾙﾋﾞﾄﾞ徐放錠20mg,このお薬は、血管拡張剤です。血管を拡張させることで、心臓の負 担を減らす作用があります。 本剤投薬後、異常がみられた場合はすぐに獣医師にご相談くださ い。,,獣医師の指示のもと、用法用量を守って、正しくご使用下さい。 湿気を避け、 気密容器に入れて,室温で保存して下さい。
ｽﾋﾟﾛﾉﾗｸﾄﾝ錠25mg｢ﾄｰﾜ｣,このお薬は、利尿剤です。うっ血性心不全や腹水等の症状を改善 するために使用されます。,本剤投与後、消化器症状、神経症状などがみられた場合はすぐに 獣医師にご相談下さい。,獣医師の指示のもと、用法用量を守って、正しくご使用下さい。,室温で保存して下さい。
スパカール錠40mg,このお薬は胆汁を分泌促進させます。,,獣医師の指示のもと、用法用量を守って正しくご使用下さい。,室温で保存してください。
ｾﾞﾅｷﾙ錠100,このお薬は、ニューキノロン系の抗菌剤です。細菌感染の治療に使 用されます。,本剤投与後、嘔吐、下痢などの消化器症状や、その他の異常がみ られた場合は、すぐに獣医師にご相談下さい。,獣医師から指示された用法用量を必ず守って下さい。指示のない 限り、途中で投与を中止しないで下さい。,気密容器に入れて保存して下さい。
ｾﾞﾅｷﾙ錠25,このお薬は、ニューキノロン系の抗菌剤です。細菌感染の治療に使 用されます。,本剤投与後、嘔吐、下痢などの消化器症状や、その他の異常がみ られた場合は、すぐに獣医師にご相談下さい。,獣医師から指示された用法用量を必ず守って下さい。指示のない 限り、途中で投与を中止しないで下さい。,気密容器に入れて保存して下さい。
ｾﾞﾅｷﾙ錠50,このお薬は、ニューキノロン系の抗菌剤です。細菌感染の治療に使 用されます。,本剤投与後、嘔吐、下痢などの消化器症状や、その他の異常がみ られた場合は、すぐに獣医師にご相談下さい。,獣医師から指示された用法用量を必ず守って下さい。指示のない 限り、途中で投与を中止しないで下さい。,気密容器に入れて保存して下さい。
ｾﾌｧﾚｷｼﾝ錠250｢ﾏﾙｺ｣,このお薬は、セフェム系第1世代の抗生物質です。細菌感染の治療 に使用されます。,本剤投与後、嘔吐、下痢などの消化器症状や、その他の異常がみ られた場合は、すぐに獣医師にご相談下さい。 食事と一緒に投与して下さい。,獣医師から指示された用法用量を必 ず守り、指示のない限り途中で投与を中止しないで下さい。 光を避けて、,室温で保存して下さい。
セファクリア錠600,本剤感受性のブドウ球菌、細菌性皮膚感染症に効果があります。 本剤の成分又はセフェム系抗生物質に対する過敏症を有する人は 本剤を取り扱わないでください。 1日2回７日間、間隔を１０時間以上あけて飲ませてください。 直射日光、 高温、多湿を避け、 このお薬は、セフェム系第1世代の抗生物質です。細菌感染の治療 に使用されます。,本剤投与後、嘔吐、下痢などの消化器症状や、その他の異常がみ られた場合は、すぐに獣医師にご相談ください。,獣医師から指示された用法用量を必ず守ってください。指示のない 限り、途中で投与を中止しないでください。,室温で保存して下さい。 セファクリア300 機密容器に入れて保存してください。
セルセプト,このお薬は免疫抑制剤です。免疫機能を抑制するためなどに使用 されます。,本剤投与後、異常がみられた場合は、すぐに獣医師にご相談くださ い。,獣医師の指示のもと、用法用量を守って正しくご使用ください。 高温多湿を避け、,室温で保存してください。
ｾﾚﾆｱ錠16,このお薬は、制吐剤です。嘔吐や、乗り物酔いの予防に用いられま す。,本剤投与後、異常がみられた場合は獣医師にご相談下さい。,獣医師の指示のもと、用法用量を守って正しくご使用ください。 乗り物酔い予防に用いる場合は、乗り物に乗る1時間前までに服用 してください。また、服用する1時間前は、ごはんやおやつを与える のを控えてください。,室温で保存して下さい。
ｾﾚﾆｱ錠24,このお薬は、制吐剤です。嘔吐や、乗り物酔いの予防に用いられま す。,本剤投与後、異常がみられた場合は獣医師にご相談下さい。,獣医師の指示のもと、用法用量を守ってご使用ください。 乗り物酔いの予防に用いる場合は、乗り物に乗る1時間前までに服 用してください。また、服用する1時間前は、ごはんやおやつを与え るのを控えてください。,室温で保存して下さい。
ｾﾚﾆｱ錠60,このお薬は、制吐剤です。嘔吐や、乗り物酔いの予防に用いられま す。 この製品は、フマル酸を主成分とする猫用のサプリメントです。 給与後、異常がみられた場合は、すぐに獣医師にご相談下さい。 獣医師に相談の上、正しく与えて下さい。 この製品は、フマル酸を主成分とする犬用のサプリメントです。 給与後、異常がみられた場合は、すぐに獣医師にご相談下さい。 獣医師に相談の上、正しく与えて下さい。,本剤投与後、異常がみられた場合は獣医師にご相談下さい。,獣医師の指示のもと、用法用量を守って正しくご使用ください。 乗り物酔いの予防に用いる場合は、乗り物に乗る1時間前までに服 用してください。また服用する1時間前は、ごはんやおやつを与える のを控えてください。,室温で保存して下さい。 ｾﾞﾝﾗｰｾﾞ-U CAT 室温で保存して下さい。 ｾﾞﾝﾗｰｾﾞ-U DOG 室温で保存して下さい。
ｿﾛｷｼﾝ0.025mg,このお薬は、甲状腺ホルモン剤です。甲状腺ホルモンを補充・治療 するために使用されます。,本剤投与後、異常がみられた場合は、すぐに獣医師にご相談下さ い。,獣医師の指示のもと、用法用量を守って、正しくご使用下さい。指示 がない限り途中で投与を中止しないで下さい。,室温（15～30℃）で保存してください。
ｿﾛｷｼﾝ0.05mg,このお薬は、甲状腺ホルモン剤です。甲状腺ホルモンを補充・治療 するために使用されます。,本剤投与後、異常がみられた場合は、すぐに獣医師にご相談下さ い。,獣医師の指示のもと、用法用量を守って、正しくご使用下さい。指示 がない限り途中で投与を中止しないで下さい。,室温（15～30℃）で保存してください。
ｿﾛｷｼﾝ0.1mg,このお薬は、甲状腺ホルモン剤です。甲状腺ホルモンを補充・治療 するために使用されます。,本剤投与後、異常がみられた場合は、すぐに獣医師にご相談下さ い。,獣医師の指示のもと、用法用量を守って、正しくご使用下さい。指示 がない限り途中で投与を中止しないで下さい。,室温（15～30℃）で保存してください。
ｿﾛｷｼﾝ0.2mg （海外薬）,このお薬は、甲状腺ホルモン剤です。甲状腺ホルモンを補充・治療 するために使用されます。,本剤投与後、異常がみられた場合は、すぐに獣医師にご相談下さ い。,獣医師の指示のもと、用法用量を守って、正しくご使用下さい。指示 がない限り途中で投与を中止しないで下さい。,室温（15～30℃）で保存してください。
ｿﾛｷｼﾝ0.3mg,このお薬は、甲状腺ホルモン剤です。甲状腺ホルモンを補充・治療 するために使用されます。,本剤投与後、異常がみられた場合は、すぐに獣医師にご相談下さ い。,獣医師の指示のもと、用法用量を守って、正しくご使用下さい。指示 がない限り途中で投与を中止しないで下さい。,室温（15～30℃）で保存してください。
ｿﾛｷｼﾝ0.4mg,このお薬は、甲状腺ホルモン剤です。甲状腺ホルモンを補充・治療 するために使用されます。,本剤投与後、異常がみられた場合は、すぐに獣医師にご相談下さ い。,獣医師の指示のもと、用法用量を守って、正しくご使用下さい。指示 がない限り途中で投与を中止しないで下さい。,室温（15～30℃）で保存してください。
ｿﾛｷｼﾝ0.5mg,このお薬は、甲状腺ホルモン剤です。甲状腺ホルモンを補充・治療 するために使用されます。 この製品は、皮膚に柔軟性をあたえ、バランスを保つ働きのあるス ポット剤です。 本剤使用後、異常がみられた場合は、使用を中止し、獣医師に相 談して下さい。 獣医師に相談の上、正しくご使用下さい。,本剤投与後、異常がみられた場合は、すぐに獣医師にご相談下さ い。 本剤投与後、異常がみられた場合は、すぐ獣医師にご相談くださ い。お薬の返品、交換はお受けできませんのでご了承下さい。,獣医師の指示のもと、用法用量を守って、正しくご使用下さい。指示 がない限り途中で投与を中止しないで下さい。 獣医師の指示のもと、用法用量を守って、正しくご使用ください。,室温（15～30℃）で保存してください。 ﾀﾞｰﾑ-ﾜﾝ 室温で保存して下さい。 ダイアモックス２５０ml 炭酸脱水素酵素阻害薬で、眼圧や脳圧を下げる薬です。 室温で保存して下さい。
ﾀﾞｲｸﾛﾄﾗｲﾄﾞ錠25mg,このお薬は、利尿剤です。うっ血性心不全や腹水等の症状を改善 するために使用されます。,本剤投与後、過度に水を飲む、尿が少ない、落ち着きがない等の 症状がみられた場合は、獣医師にご相談下さい。,獣医師の指示のもと、用法用量を守って、正しくご使用下さい。,室温で保存して下さい。
ダイフェン,このお薬は、セフェム系１世代の抗生物質です。細菌感染の治療に 使用されます。 乾性角結膜炎がみられることがあります。 このお薬は、肝・循環機能改善剤です。,本剤投与後、眼やにの増 加、その他の異常がみられた場合は、すぐに獣医師にご相談くださ い。また、肝障害のある動物には与えないでください。 食事と一緒に投与して下さい。 本剤投与後、異常がみられた場合は、すぐに獣医師にご相談下さ い。,獣医師から指示された用法用量を必 ず守り、指示のない限り途中で投与を中止しないで下さい。 光を避けて、 獣医師の指示のもと、用法用量を守って、正しくご使用下さい。 密閉した容器に入れて、,室温で保存して下さい。 ﾀｳﾘﾝ散98%｢大正｣ 室温で保存して下さい。
タベジール錠 1㎎,このお薬は、抗ヒスタミン剤です。アレルギーの症状を誘発するヒス タミンなどの発生を抑えます。,本剤投与後、眠くなったり、多飲になる場合があります。その他、異 常がみられた場合は獣医師にご相談下さい。,獣医師の指示のもと、用法用量を守って、正しくご使用下さい。,室温で保存して下さい。
ﾀﾁｵﾝ錠100mg,このお薬は、還元型解毒剤です。肝疾患や中毒などの治療に使用 されます。,本剤投与後、異常がみられた場合は、すぐに獣医師にご相談下さ い。,獣医師の指示のもと、用法用量を守って、正しくご使用下さい。,室温で保存して下さい。 ﾀﾌﾞ･ﾎﾟｹｯﾄ
錠剤をしっかり包み込み与えて下さい。給与後、異常がみられた場,合は、すぐに獣医師にご相談下さい。 獣医師に相談の上、正しく与えて下さい。,,,室温で保存して下さい。
ﾀﾞﾝﾄﾘｳﾑｶﾌﾟｾﾙ50mg,このお薬は、排尿障害の治療薬です。尿道の筋肉の緊張を緩和 し、排尿障害を改善します。 本剤使用後、異常がみられた場合は、すぐに獣医師にご相談下さ い。,,獣医師の指示のもと、用法用量を守って、正しくご使用下さい。,室温で保存して下さい。
ﾀﾞﾗｼﾝｶﾌﾟｾﾙ75mg,このお薬は、リンコマイシン系の抗生物質です。嫌気性菌にも有効 です。,本剤投与後、嘔吐、下痢などの消化器症状や、その他の異常がみ られた場合は、すぐに獣医師にご相談下さい。,獣医師から指示された用法用量を必ず守って下さい。指示のない 限り、途中で投与を中止しないで下さい。,室温で保存して下さい。
ﾀﾞﾗｼﾝｶﾌﾟｾﾙ150mg,このお薬は、リンコマイシン系の抗生物質です。嫌気性菌にも有効 です。,本剤投与後、嘔吐、下痢などの消化器症状や、その他の異常がみ られた場合は、すぐに獣医師にご相談下さい。,獣医師から指示された用法用量を必ず守って下さい。指示のない 限り、途中で投与を中止しないで下さい。,室温で保存して下さい。
ﾁｮｺﾗA錠1万単位,このお薬は、ビタミンA製剤です。視力低下、皮膚乾燥、抵抗力低下 などの治療に使用されます。,本剤投与後、過敏症が現れることがあります。異常がみられた場合 はすぐに獣医師にご相談下さい。,獣医師の指示のもと、用法用量を守って、正しくご使用下さい。 光と,湿気を避けて保存して下さい。処方期間を過ぎた薬は廃棄して 下さい。
ﾁﾗｰﾁﾞﾝS錠100,このお薬は、甲状腺ホルモン剤です。甲状腺ホルモンを補充・治療 するために使用されます。,本剤投与後、異常がみられた場合は、すぐに獣医師にご相談下さ い。,獣医師の指示のもと、用法用量を守って、正しくご使用下さい。指示 がない限り途中で投与を中止しないで下さい。 光を避けて、,室温で保存して下さい。
ﾂﾙﾃﾞｯｸ75mg錠,このお薬は、H2ブロッカーです。胃・十二指腸の潰瘍などの治療に 使用されます。,本剤投与後、異常がみられた場合は、すぐに獣医師にご相談下さ い。,獣医師の指示のもと、用法用量を守って、正しくご使用下さい。 光と 湿気を避けて、,室温で保存して下さい。
ﾃﾞｨｱﾊﾞｽﾀｰ錠,このお薬は、犬猫用の抗下痢剤です。下痢における症状改善、腹 痛、疝痛の治療に使用されます。,本剤投与後、異常がみられた場合は、すぐに獣医師にご相談下さ い。,獣医師の指示のもと、用法用量を守って、正しくご使用下さい。 直射日光と 高温多湿を避けて、,室温で保存して下さい。
ｄｓピモハート錠1.25ｍｇ,このお薬は、心不全治療薬です。心不全の治療に使用されます。,本剤投与後、異常が見られた場合は、すぐに獣医師にご相談くださ い。,獣医師の指示のもと、用法用量を守って正しく与えてください。食事 の1時間前に与えるようにしてください。 気密容器に入れて、 直射日光と 高温多湿を避け,室温で保存して下 さい
ｄｓピモハート錠2.5ｍｇ,このお薬は、心不全治療薬です。心不全の治療に使用されます。,本剤投与後、異常が見られた場合は、すぐに獣医師にご相談くださ い。,獣医師の指示のもと、用法用量を守って正しく与えてください。食事 の1時間前に与えるようにしてください。 気密容器に入れて、 直射日光と 高温多湿を避け,室温で保存して下 さい。
ﾃﾞｷｻﾒｻｿﾞﾝ錠0.5mg｢ﾀｲﾖｰ｣,このお薬は、副腎皮質ホルモン製剤です。炎症性疾患や免疫疾患 に使用する場合もあります。,本剤投与後、食欲増進や、多飲がみられる場合があります。過度な 場合は、すぐに獣医師にご相談下さい。,獣医師の指示のもと、用法用量を守って、正しくご使用下さい。指示 がない限り途中で投与を中止しないで下さい。,室温で保存して下さい。
デカドロン錠4㎎,このお薬は、副腎皮質ホルモン製剤です。炎症性疾患や免疫疾患 に使用する場合もあります。,本剤投与後、食欲増進や、多飲がみられる場合があります。過度な 場合は、すぐに獣医師にご相談下さい。,獣医師の指示のもと、用法用量を守って、正しくご使用下さい。指示 がない限り途中で投与を中止しないで下さい。,室温で保存して下さい。
ﾃﾞｿﾊﾟﾝ60ｍｇ持田製薬,副腎皮質機能亢進症の治療薬 副腎皮質の機能を抑制します。元気、食欲低下などの症状が現れ た時には担当獣医師までご相談ください。 投薬の際は手袋などを着用し、素手で触れないようにしてください。,,,
チロブロック錠1.25ｍｇ,このお薬は、抗甲状腺剤です。甲状腺機能亢進症の治療に使用さ れ、過剰な甲状腺ホルモンの合成を制御します。,本剤投与後、異常がみられた場合は、すぐに獣医師にご相談下さ い。定期的な検診が必要になります。,獣医師の指示のもと、用法容量を守って正しくご使用ください。 光を避け、,密閉した容器に入れて常温で保存して下さい。
チロブロック2.5ｍｇ,このお薬は、抗甲状腺剤です。甲状腺機能亢進症の治療に使用さ れ、過剰な甲状腺ホルモンの合成を制御します。 このお薬は催吐剤です。誤って飲み込んだ異物や薬物などを嘔吐 させるために使用されます。,本剤投与後、異常がみられた場合は、すぐに獣医師にご相談下さ い 定期的な検診が必要になります。 本剤投与後、異常がみられた場合は、すぐに獣医師にご相談下さ い。,獣医師の指示のもと、用法容量を守って、正しくご使用下さい。 光を避け、 獣医師の指示のもと、用法用量を守って、正しくご使用下さい。 遮光した 気密容器に入れて、,密閉した容器に入れて常温で保存して下さい。 ﾄｺﾝｼﾛｯﾌﾟ｢ﾂﾑﾗ｣ 室温で保存して下さい。
ﾄﾗｺﾅ錠100mg,このお薬は、トリアゾール系の抗真菌薬です。真菌感染の治療のた めに使用されます。,本剤投与後、異常がみられた場合はすぐに獣医師にご相談下さ い。 空腹時は避けて、脂肪分の多い食事とともに服用させて下さい。指 示のない限り途中で投与を中止しないで下さい。 湿気を避けて、,,室温で保存して下さい。
トラゾドン塩酸塩錠５０㎎,抗不安、情動障害の緩和、術後安静補助、通院や診察ストレスの 緩和 本剤は初回投与後から一過性にふらつきなどがみられることがあり ます。異常がみられた場合は獣医師にご相談下さい。,,獣医師の指示のもと、用法用量を守り、食事に混ぜて投与してくだ さい。,室温で保存してください。
ﾄﾘﾌﾞﾘｯｾﾝﾀﾌﾞﾚｯﾄ,このお薬は、トリメトプリムとサルファ剤の複合剤です。細菌感染の 治療に使用されます。,本剤投与後、嘔吐、下痢などの消化器症状や、その他の異常がみ られた場合は、すぐに獣医師にご相談下さい。,獣医師から指示された用法用量を必ず守って下さい。指示のない 限り、途中で投与を中止しないで下さい。,光を避けて25℃以下で保存して下さい。
トリプタノール錠10,このお薬は、三環系抗うつ剤です。脳内の神経細胞の働きを抑制 することによって、不安や緊張を和らげます。,本剤投与後、異常が見られた場合は、すぐに獣医師にご相談くださ い。,獣医師の指示のもと、用法用量を守って、正しくご使用下さい。 光を避けて、,室温で保存して下さい。
トリロスタン 2.5mg,副腎皮質機能亢進症の治療薬 副腎皮質の機能を抑制します。元気、食欲低下などの症状が現れ た時には担当獣医師までご相談ください。,,,
トリロスタン 5mg,副腎皮質機能亢進症の治療薬 副腎皮質の機能を抑制します。元気、食欲低下などの症状が現れ た時には担当獣医師までご相談ください。,,,
トリロスタン10㎎,副腎皮質機能亢進症の治療薬 副腎皮質の機能を抑制します。元気、食欲低下などの症状が 現れた時には担当獣医師までご相談ください。,,,
ﾄﾞﾛﾝｼｯﾄ錠,このお薬は、条虫駆除剤で、瓜実条虫、マンソン裂頭条虫、メソセス トイデス属条虫、犬の多包条虫、猫条虫の駆除に使用されます。,本剤投与後、異常がみられた場合は、すぐに獣医師にご相談下さ い。,獣医師の指示のもと、用法用量を守って、正しくご使用下さい。 直射日光と,高温多湿を避けて保存して下さい。
ﾄﾞﾛﾝﾀｰﾙﾌﾟﾗｽ錠,このお薬は、犬用腸内寄生虫駆除剤です。犬回虫、犬鉤虫、犬鞭 虫、瓜実条虫の駆除に使用されます。,本剤投与後、異常がみられた場合は、すぐに獣医師にご相談下さ い。,獣医師の指示のもと、用法用量を守って、正しくご使用下さい。 直射日光と,高温多湿を避けて保存して下さい。
ﾄﾞﾛﾝﾀｰﾙ錠,このお薬は、猫用腸内寄生虫駆除剤です。猫回虫、猫鉤虫、瓜実 条虫、猫条虫の駆除に使用されます。,本剤投与後、異常がみられた場合は、すぐに獣医師にご相談下さ い。,獣医師の指示のもと、用法用量を守って、正しくご使用下さい。 直射日光と,高温多湿を避けて保存して下さい。
トラマドール,オピオイド受容体アゴニストの鎮痛剤で、癌や術後鎮痛として使用 されます。鎮咳効果もあります。,本剤投与後、異常がみられた場合は、すぐに獣医師にご相談くださ い。お薬の返品、交換はお受けできませんのでご了承ください。,獣医師の指示のもと、用法用量を必ず守って、ご使用ください。,
トランサミン錠500mg,このお薬は、抗プラスミン剤です。外傷などにより出血したときや、 様々な病気に伴い出血しやすいときに使用されます。 このお薬は、消化管運動改善薬です。嘔吐をおさえるお薬です。ま た、犬のリーシュマニア症の治療薬でもあります。,本剤投与後、異常がみられた場合は、すぐに獣医師にご相談下さ い。 本剤投与後、異常がみられた場合は、すぐに獣医師にご相談下さ い。,獣医師の指示のもと、用法用量を守って、正しくご使用下さい。 獣医師の指示のもと、用法用量を守って、正しくご使用下さい。,室温で保存して下さい。 ﾄﾝｷｰ200 ﾄﾞﾝﾍﾟﾘﾝDS1% 室温で保存して下さい。
ﾄﾞﾝﾍﾟﾘﾝ錠10,このお薬は、消化管運動改善薬です。嘔吐をおさえるお薬です。ま た、犬のリーシュマニア症の治療薬でもあります。,本剤投与後、異常がみられた場合は、すぐに獣医師にご相談下さ い。,獣医師の指示のもと、用法用量を守って、正しくご使用下さい。,室温で保存して下さい。
ﾆﾁﾌｧｰｹﾞﾝ配合錠,このお薬は、肝臓疾患用剤です。肝胆道系の治療に使用されま す。,本剤投与後、異常がみられた場合は、すぐに獣医師にご相談下さ い。,獣医師の指示のもと、用法用量を守って、正しくご使用下さい。,室温で保存して下さい。
ﾆﾄﾛｰﾙ錠5mg,このお薬は、血管拡張剤です。血管を拡張させることで、心臓の負 担を減らす作用があります。,本剤投与後、異常がみられた場合はすぐに獣医師にご相談下さ い。,獣医師の指示のもと、用法用量を守って、正しくご使用下さい。 湿気を避け、 気密容器に入れて,室温で保存して下さい。
ﾆｭｰﾄﾘｶﾙ,この製品は、嗜好性の高い犬用の高カロリービタミンミネラルサプリ メントです。 給与後、異常がみられた場合は、すぐに獣医師にご相談下さい。 獣医師に相談の上、正しく与えて下さい。,,,室温で保存して下さい。
ﾈｵｰﾗﾙ内用液10%,このお薬は、免疫抑制剤です。免疫機能を抑制するために使用さ れます。,本剤投与後、異常がみられた場合は、すぐに獣医師にご相談下さ い。,獣医師の指示のもと、用法用量を守って、必ず 空腹時に与えて下さ い。子供の手の届かないところに保管するようにしてください。,室温で保存して下さい。約20℃以下で保存し、ゼリー状になった場 合には、室温で溶解してから使用して下さい。
ﾈｵﾌｨﾘﾝ錠100mg,このお薬は、気管支拡張薬です。咳、喘息を改善します。,本剤投与後、異常がみられた場合は、すぐに獣医師にご相談下さ い。 本剤投与後、異常がみられた場合はすぐに獣医師にご相談下さ い。他のお薬を飲んだ場合は30分以上時間をあけて投与して下さ い。,獣医師の指示のもと、用法用量を守って、正しくご使用下さい。 光と 湿気を避けて、 獣医師の指示のもと、用法用量を守って、正しくご使用下さい。 直射日光と,室温で保存して下さい。 ﾈﾌｶﾞｰﾄﾞ粒 本剤は、ヘルスカーボンを主成分とするサプリメントです。尿毒症や 慢性腎不全等に使用されます。 高温多湿を避けて保存して下さい。
ﾉｲﾁｰﾑ錠30mg,このお薬は、消炎酵素剤です。炎症による腫れを抑え、たんや膿を 溶かして排泄させやすくします。,本剤投与後、発疹や痒み等がみ られた場合はすぐに獣医師にご相談下さい。 空腹時の投与を避けて、食事に混ぜるか、食後に与えて下さい。 湿気を避けて、,空腹時には投与しないで下さい。,室温で保存して下さい。
ﾉﾙﾊﾞｽｸ錠2.5mg,このお薬は、持続性カルシウム拮抗剤です。不整脈の治療や、血 管を拡張させることで血圧を管理するために使用されます。,本剤投与後、異常がみられた場合は、すぐに獣医師にご相談下さ い。,獣医師の指示のもと、用法用量を守って、正しくご使用下さい。,室温で保存して下さい。
ﾊﾞｲﾄﾘﾙ15mg錠,このお薬は、ニューキノロン系の抗菌剤です。細菌感染の治療に使 用されます。,本剤投与後、嘔吐、下痢などの消化器症状や、その他の異常がみ られた場合は、すぐに獣医師にご相談下さい。,獣医師から指示された用法用量を必ず守って下さい。指示のない 限り、途中で投与を中止しないで下さい。 小児の手の届かないところで保存して下さい。,
ﾊﾞｲﾄﾘﾙ50mg錠,このお薬は、ニューキノロン系の抗菌剤です。細菌感染の治療に使 用されます。,本剤投与後、嘔吐、下痢などの消化器症状や、その他の異常がみ られた場合は、すぐに獣医師にご相談下さい。,獣医師から指示された用法用量を必ず守って下さい。指示のない 限り、途中で投与を中止しないで下さい。 小児の手の届かないところで保存して下さい。,
ﾊｲﾄﾞﾚｱｶﾌﾟｾﾙ500mg,このお薬は、抗癌剤のひとつです。 薬に直接手を触れないで下さい。また、,本剤投与後2日間は、排泄 物にも直接手を触れないで下さい。 換気の良い場所で、手袋、マスクを装着して薬を扱って下さい。獣 医師の指示を厳守し、用法用量を守って、正しくご使用下さい。 光と 湿気を避けて、,,室温で保存して下さい。
パキシル錠10mg,このお薬は、SSRIという抗うつ剤です。脳内の神経細胞の働きを抑 制することによって、不安や緊張を和らげます。 本剤は早期の効果を期待するものではありません。他の治療法と の併用が必要です。食欲不振、便秘、尿閉などの症状が見られた 場合、服用を中止し、,,獣医師の指示に従って下さい。 獣医師の指示のもと、用法用量を守って、正しくご使用下さい。,室温で保存して下さい。
ﾊﾞｷｿｶﾌﾟｾﾙ10,このお薬は、非ステロイド性消炎鎮痛剤です。痛みを抑える時や、 一部の腫瘍の治療にも使用されます。,本剤投与後、異常がみられた場 合は、すぐに獣医師にご相談下さい。 空腹時の投与を避けて、食事に混ぜるか、食後に与えて下さい。,空腹時には投与しないで下さい。,室温で保存して下さい。
ﾊﾟﾅｷｭｱﾙﾃｲﾝ,この製品は、ルテインを含む、目ケア用の犬用サプリメントです。 給与後、異常がみられた場合は、すぐに獣医師にご相談下さい。 獣医師に相談の上、正しく与えて下さい。 直射日光と 湿気を避けて、,,,室温で保存して下さい。
ﾊﾟﾊﾟｺｰﾙ錠25,このお薬は、前立腺肥大症治療薬です。前立腺の肥大に伴う排尿 障害、頻尿、残尿感などを改善します。,本剤投与後、異常がみられた場合は、すぐに獣医師にご相談下さ い。定期的な検査が必要です。,獣医師の指示のもと、用法用量を守って、正しくご使用下さい。,室温で保存して下さい。
パラディア錠10,このお薬は、分子標的薬という種類の抗がん剤です。肥満細胞腫 などの治療に用いられます。 薬に直接手を触れないで下さい。また、,本剤投与後2日間は、排泄 物にも直接手を触れないで下さい。 換気の良い場所で、手袋、マスクを装着して薬を扱って下さい。獣 医師の指示を厳守し、用法用量を守って、正しくご使用下さい。,,室温で保存してください。
パラディア錠15,このお薬は、分子標的薬という種類の抗がん剤です。肥満細胞腫 などの治療に用いられます。 薬に直接手を触れないで下さい。また、,本剤投与後2日間は、排泄 物にも直接手を触れないで下さい。 換気の良い場所で、手袋、マスクを装着して薬を扱って下さい。獣 医師の指示を厳守し、用法用量を守って、正しくご使用下さい。,,室温で保存してください。
パラディア錠50,このお薬は、分子標的薬という種類の抗がん剤です。肥満細胞腫 などの治療に用いられます。 薬に直接手を触れないで下さい。また、,本剤投与後2日間は、排泄 物にも直接手を触れないで下さい。 換気の良い場所で、手袋、マスクを装着して薬を扱って下さい。獣 医師の指示を厳守し、用法用量を守って、正しくご使用下さい。,,室温で保存してください。
ﾊﾟﾝｸﾚｱﾁﾝ,このお薬は、消化酵素剤です。膵外分泌不全の治療などに使用さ れます。,本剤投与後、異常がみられた場合は獣医師にご相談下さい。,獣医師の指示のもと、決められた用量を食事のたびに投与して下さ い。,気密容器に入れて、30℃以下で保存して下さい。
ハイチオール錠80,皮膚の代謝を正常化させる働きがあります。,,,
ハルナールD錠0.1㎎,このお薬は、排尿障害治療薬です。前立腺肥大症に伴う排尿障害 の治療に使用されます。 本剤使用後、異常がみられた場合はすぐに獣医師にご相談下さ い。,,獣医師の指示のもと、用法用量を守って、正しくご使用下さい。 気密容器に入れて、,室温で保存して下さい。
ﾋﾞｵｲﾑﾊﾞｽﾀｰ錠,このお薬は、犬猫用の整腸剤です。食欲不振、消化不良および単 純性下痢の治療に使用されます。,本剤投与後、異常がみられた場合は、すぐに獣医師にご相談下さ い。,獣医師の指示のもと、用法用量を守って、正しくご使用下さい。 直射日光と 高温多湿を避けて、,室温で保存して下さい。
ビクタスS S錠10mg,このお薬は、ニューキノロン系の抗菌剤です。細菌感染の治療に使 用されます。,本剤投与後、異常がみられた場合は、すぐに獣医師にご相談下さ い。分割してあげる場合は、すみやかに使用してください。,獣医師の指示のもと、用法用量を守って、正しく与えて下さい。 直射日光、 高温及び多湿をさけて,室温で保存してください。
ﾋﾞｸﾀｽS錠20mg,このお薬は、ニューキノロン系の抗菌剤です。細菌感染の治療に使 用されます。,本剤投与後、嘔吐、下痢などの消化器症状や、その他の異常がみ られた場合は、すぐに獣医師にご相談下さい。,獣医師から指示された用法用量を必ず守って下さい。指示のない 限り、途中で投与を中止しないで下さい。 直射日光と,高温多湿を避けて保存して下さい。
ﾋﾞﾀﾐﾝK1錠5mg｢ﾂﾙﾊﾗ｣,このお薬は、ビタミンK製剤です。ビタミンK不足の改善や、ビタミンK 不足による出血の治療などに使用されます。,本剤投与後、吐き気、嘔吐、軟便などが起こることがあります。異常 がみられた場合はすぐに獣医師にご相談下さい。,獣医師の指示のもと、用法用量を守って、正しくご使用下さい。食事 と同時に投与して下さい。 気密容器に入れ、,光を避けて保存して下さい。
ピモベハート錠1.25,このお薬は、心不全治療薬です。心不全の治療に使用されます。,本剤投与後、異常が見られた場合は、すぐに獣医師にご相談くださ い。,獣医師の指示のもと、用法用量を守って正しく与えてください。食事 の1時間前に与えるようにしてください。 気密容器に入れて、 直射日光と 高温多湿を避け,室温で保存して下 さい。
ピモベハート錠5,このお薬は、心不全治療薬です。心不全の治療に使用されます。,本剤投与後、異常が見られた場合は、すぐに獣医師にご相談くださ い。,獣医師の指示のもと、用法用量を守って正しく与えて下さい。食事 の1時間前に与えるようにしてください。 気密容器に入れて、 直射日光と 高温多湿を避けて,室温で保存して ください。
ﾋﾞﾌﾞﾗﾏｲｼﾝ錠50mg,このお薬は、テトラサイクリン系の抗生物質です。細菌感染や原虫 感染の治療に使用されます。,本剤投与後、嘔吐、下痢などの消化器症状や、その他の異常がみ られた場合は、すぐに獣医師にご相談下さい。,獣医師から指示された用法用量を必ず守って下さい。指示のない 限り、途中で投与を中止しないで下さい。 気密容器に入れて、,室温で保存して下さい。
ビブラマイシン100mg,このお薬は、テトラサイクリン系の抗生物質です。細菌感染や原虫 感染の治療に使用されます。 このお薬は、リンコマイシン系の抗生物質です。嫌気性菌にも有効 です。,本剤投与後、嘔吐、下痢などの消化器症状や、その他の異常がみ られた場合は、すぐに獣医師にご相談下さい。 本剤投与後、嘔吐、下痢などの消化器症状や、その他の異常がみ られた場合は、すぐに獣医師にご相談下さい。,獣医師から指示された用法用量を必ず守って下さい。指示のない 限り、途中で投与を中止しないで下さい。 気密容器に入れて、 獣医師の指示のもと、用法用量を守って、正しく与えて下さい。 直射日光、,室温で保存して下さい。 ﾋﾞﾙﾃﾞﾝﾀﾏｲｼﾝ75 高温及び多湿をさけて保存してください。 ビルデンタマイシン50 歯周病などの感染症に効果のある抗生物質です。 室温で保存して下さい。
ﾌｧﾛﾑ錠150mg,このお薬は、ペネム系の抗生物質です。細菌感染の治療に使用さ れます。,本剤投与後、嘔吐、下痢などの消化器症状や、その他の異常がみ られた場合は、すぐに獣医師にご相談下さい。,獣医師から指示された用法用量を必ず守って下さい。指示のない 限り、途中で投与を中止しないで下さい。 開封後は 湿気を避けて、,室温で保存して下さい。
ファモチジン１０ｍｇ,このお薬は、Ｈ2ブロッカーです。胃・十二指腸の潰瘍などの治療に 使用されます。,本剤投与後、異常がみられた場合は、すぐに獣医師にご相談くださ い。,獣医師の指示のもと、用法用量を守って、正しくご使用下さい。 湿気を避けて、,室温で保存して下さい。
ファモチジン錠20mg,このお薬は、H2ブロッカーです。胃・十二指腸の潰瘍などの治療に 使用されます。 このお薬は、催眠・鎮静・抗けいれん剤です。けいれんの症状を緩 和します。 本剤は薬が体に馴染むまで初回投与から約2週間かかり、食欲、飲 水、尿量が増したり、ふらつきがみられることがあります。,本剤投与後、異常がみられた場合は、すぐに獣医師にご相談下さ い。,獣医師の指示のもと、用法用量を守って、正しくご使用下さい。 気密容器に入れて、 獣医師の指示のもと、用法用量を守り、食事に混ぜて投与して下さ い。,室温で保存して下さい。 ﾌｪﾉﾊﾞｰﾙｴﾘｷｼﾙ0.4% 室温で保存して下さい。
ﾌｪﾉﾊﾞｰﾙ錠30mg,このお薬は、催眠・鎮静・抗けいれん剤です。けいれんの症状を緩 和します。 本剤は薬が体に馴染むまで初回投与から約2週間かかり、食欲、飲 水、尿量が増したり、ふらつきがみられることがあります。,,獣医師の指示のもと、用法用量を守り、食事に混ぜて投与して下さ い。,室温で保存して下さい。
ﾌｪﾛﾐｱ錠50mg,このお薬は、造血薬です。鉄を補うことで、貧血を改善します。,本剤投与後、異常がみられた場合は、すぐに獣医師にご相談下さ い。,獣医師の指示のもと、用法用量を守って、正しくご使用下さい。 湿気を避けて、,室温で保存して下さい。
フェンベンダゾール,ベンズイミダゾール系の駆虫薬で、犬猫ではジアルジアやトリコモ ナスなど、ウサギではエンセファリトゾーンなどの治療に使用されま す。 非常にまれですが、寄生虫が死ぬことによる、アレルギー反応がみ られることがあります。異常がみられた場合は、すぐ獣医師にご相 談ください。 食事と一緒に投与して下さい。,,獣医師から指示された用法用量を必 ず守り、指示のない限り途中で投与を中止しないでください。 光を避けて、,室温で保存して下さい。
ﾌｫｻﾏｯｸ,高ｶﾙｼｳﾑ血症の薬 食前30分前に飲ませてください。 30分間は他の薬を服用しないでください。 水を多く与えてください。,,,
ﾌｫﾘｱﾐﾝ錠,このお薬は、葉酸製剤です。葉酸の欠乏、代謝障害による貧血、肝 疾患による貧血、吸収不良症候群の治療などに使用されます。,本剤投与後、食欲不振・体重減少等の異常がみられた場合は、す ぐに獣医師にご相談下さい。,獣医師の指示のもと、用法用量を守って、正しくご使用下さい。食事 と同時に投与して下さい。 光を避けて、,室温で保存して下さい。処方期間を過ぎた薬は廃棄し て下さい。
ﾌｫﾘｸﾛﾝ錠5,このお薬は、消化管運動機能改善剤です。胃・十二指腸などの運 動機能低下、食欲不振、嘔吐の改善などに使用されます。,本剤投与後、異常がみられた場合はすぐに獣医師にご相談下さ い。,獣医師の指示のもと、用法用量を守って、正しくご使用下さい。,室温で保存して下さい。
ﾌｫﾙﾃｺｰﾙ錠2.5mgﾌﾚｰﾊﾞｰ,このお薬は、ＡＣＥ阻害剤です。血管を拡張させることで、心臓の負 担を軽減したり、心臓の肥大を抑制する作用があります。また、腎 臓の血管を拡張させ、腎臓を保護する作用もあります。,本剤投与後、嘔吐や下痢が持続したり悪化した場合や、その他の 異常があらわれた場合はすぐに獣医師にご相談下さい。,獣医師の指示のもと、用法用量を守って、正しくご使用下さい。 直射日光と 高温多湿を避け、,気密容器に入れて保存して下さい。
ﾌｫﾙﾃｺｰﾙ錠5mgﾌﾚｰﾊﾞｰ,このお薬は、ＡＣＥ阻害剤です。血管を拡張させることで、心臓の負 担を軽減したり、心臓の肥大を抑制する作用があります。また、腎 臓の血管を拡張させ、腎臓を保護する作用もあります。 このお薬は、血管を拡張させ、心臓への負担を軽減するACE阻害 剤と強心剤を配合した心不全治療薬です。 このお薬は、血管を拡張させ、心臓への負担を軽減するACE阻害 剤と強心剤を配合した心不全治療薬です。,本剤投与後、嘔吐や下痢が持続したり悪化した場合や、その他の 異常があらわれた場合はすぐに獣医師にご相談下さい。 本剤投与後に嘔吐や下痢がみられるなど、異常があらわれた場合 はすぐに獣医師にご相談下さい。 本剤投与後に嘔吐や下痢がみられるなど、異常があらわれた場合 はすぐに獣医師にご相談下さい。,獣医師の指示のもと、用法用量を守って、正しくご使用下さい。 直射日光と 高温多湿を避け、 獣医師の指示のもと、用法用量を守って正しく与えて下さい。 食事の１時間前に与えて下さい。 獣医師の指示のもと、用法用量を守って正しく与えて下さい。 食事の1時間前に与えて下さい。,気密容器に入れて保存して下さい。 フォルテコールプラスＳ 室温で保存して下さい。 フォルテコールプラスL 室温で保存して下さい。
ﾌﾞｽｺﾊﾟﾝ錠10mg,このお薬は、鎮けい剤です。胃炎、腸炎、胆嚢胆管炎、膀胱炎、膵 炎、過敏性腸症などの治療に使用されます。,本剤投与後、異常がみられた場合は、すぐに獣医師にご相談下さ い。,獣医師の指示のもと、用法用量を守って、正しくご使用下さい。,気密容器に入れて、保存して下さい。
ﾌﾗｼﾞｰﾙ内服錠250mg,このお薬は、ニトロイミダゾール系の抗菌剤です。原虫や細菌（嫌気 性菌）による疾患の治療、炎症性腸疾患などに使用されます。,本剤投与後、嘔吐、下痢などの消化器症状や、その他の異常がみ られた場合は、すぐに獣医師にご相談下さい。,獣医師から指示された用法用量を必ず守って下さい。指示のない 限り、途中で投与を中止しないで下さい。 気密容器に入れて、,室温で保存して下さい。
ﾌﾟﾗﾒﾊﾞﾝ錠5,このお薬は、高脂血症の治療薬です。脂質の代謝異常を改善しま す。,本剤投与後、異常がみられた場合は、すぐに獣医師にご相談下さ い。,獣医師の指示のもと、用法用量を守って、正しくご使用下さい。,室温で保存して下さい。
ﾌﾟﾚﾄﾞﾆｿﾞﾛﾝ錠5mg｢ﾐﾀ｣,このお薬は、副腎皮質ホルモン剤です。炎症性疾患や免疫疾患な どに使用されます。,本剤投与後、食欲の増加、多飲が見られることがあります。その他 異常がみられた場合は、すぐに獣医師にご相談下さい。,獣医師の指示のもと、用法用量を守って、正しくご使用下さい。指示 がない限り途中で投与を中止しないで下さい。 気密容器に入れて、,室温で保存して下さい。
プレドニゾロン２．５ｍｇ,このお薬は、副腎皮質ホルモン剤です。炎症性疾患や免疫疾患な どに使用されます。,本剤投与後、食欲の増加、多飲が見られることがあります。その他 異常がみられた場合は、すぐに獣医師にご相談下さい。,獣医師の指示のもと、用法用量を守って、正しくご使用下さい。指示 がない限り途中で投与を中止しないで下さい。,室温で保存して下さい。
プレドニゾロン錠1mg（旭化成）,このお薬は、副腎皮質ホルモン剤です。炎症性疾患や免疫疾患な どに使用されます。 このお薬は、非ステロイド性消炎鎮痛剤です。痛みを抑え、熱を下 げ、炎症を取ります。また、一部の腫瘍においては、腫瘍の成長を 抑える効果もあります。 このお薬は、非ステロイド性消炎鎮痛剤です。痛みを抑え、熱を下 げ、炎症をとります。また一部の腫瘍においては、腫瘍の成長を抑 える効果もあります。,本剤投与後、食欲の増加、多飲が見られることがあります。その他 異常がみられた場合は、すぐに獣医師にご相談下さい。 本剤投与後、食欲不振、嘔吐等 がみられた場合はすぐに獣医師にご相談下さい。 空腹時の投与を避けて、食事に混ぜるか、食後に与えて下さい。 直射日光と 本剤投与後、食欲不振、嘔吐等 がみられた場合はすぐに獣医師にご相談下さい。 空腹時の投与を避けて、食事に混ぜるか、食後に与えて下さい。 直射日光と,獣医師の指示のもと、用法用量を守って、正しくご使用下さい。指示 がない限り途中で投与を中止しないで下さい。 空腹時には投与しないで下さい。 空腹時には投与しないで下さい。,室温で保存して下さい。 ﾌﾟﾚﾋﾞｺｯｸｽ57 湿気を避けて、涼しい場所で保存して下さい。 ﾌﾟﾚﾋﾞｺｯｸｽ227 湿気を避けて、涼しい場所で保存して下さい。
フロセミド１０ｍｇ,このお薬は、利尿剤です。うっ血性心不全や肺水腫の症状の改善 のために使用されます。,本剤投与後、過度の渇き、無気力、乏尿、胃腸障害などの異常が みられた場合はすぐに獣医師にご相談ください。,獣医師の指示のもと、用法用量を守って、正しくご使用ください。 光を避けて、,室温で保存して下さい。
フロセミド20ｍｇ,このお薬は、利尿剤です。うっ血性心不全や肺水腫の症状の改善 のために使用されます。,本剤投与後、過度の渇き、無気力、乏尿、胃腸障害など異常がみら れた場合はすぐに獣医師にご相談下さい。,獣医師の指示のもと、用法用量を守って、正しくご使用下さい。 光を避けて、,室温で保存して下さい。
ﾌﾟﾛﾅﾐﾄﾞ錠5mg,このお薬は、消化管運動機能改善剤です。胃・十二指腸などの運 動機能低下、食欲不振、嘔吐の改善などに使用されます。,本剤投与後、異常がみられた場合は、すぐに獣医師にご相談下さ い。,獣医師の指示のもと、用法用量を守って、正しくご使用下さい。 気密容器に入れて、,室温で保存して下さい。
ﾌﾟﾛﾍﾊﾟｿﾞﾝ 腸溶剤 100mg,プロヘパゾンは、S-アデノシルメチオニンを主成分とするサプリメン トです。肝胆道系の治療の際、補助的に使用されます。,本剤投与後、異常がみられた場合はすぐに獣医師にご相談下さ い。 割らずに、食間に与えて下さい。獣医師に相談の上、与えて下さ い。 直射日光と,,高温多湿を避けて保存して下さい。
ﾌﾟﾛﾍﾊﾟｿﾞﾝ 腸溶剤 200mg,プロヘパゾンは、S-アデノシルメチオニンを主成分とするサプリメン トです。肝胆道系の治療の際、補助的に使用されます。 この製品は、グルコサミン、ペプチドコラーゲン、バイオフラバノール を主成分とする犬猫用のサプリメントです。 給与後、異常がみられた場合は、すぐに獣医師にご相談下さい。 獣医師に相談の上、正しく与えて下さい。,本剤投与後、異常がみられた場合はすぐに獣医師にご相談下さ い。 割らずに、食間に与えて下さい。獣医師に相談の上、与えて下さ い。 直射日光と,,高温多湿を避けて保存して下さい。 ﾌﾟﾛﾍﾊﾟﾌｫｽM シリビン-ホスファチジルコリン複合体、バイオフラバノール、N-アセ チルシステイン、亜鉛を配合した犬猫用サプリメントです。 給与後、異常がみられた場合は、すぐに獣医師にご相談下さい。 獣医師に相談の上、正しく与えて下さい。 直射日光と 高温多湿を避けて保存して下さい。 ﾌﾟﾛﾍﾊﾟﾌｫｽS シリビン-ホスファチジルコリン複合体、バイオフラバノール、N-アセ チルシステイン、亜鉛を配合した犬猫用サプリメントです。 給与後、異常がみられた場合は、すぐに獣医師にご相談下さい。 獣医師に相談の上、正しく与えて下さい。 直射日光と 高温多湿を避けて保存して下さい。 ﾌﾟﾛﾓｰｼｮﾝ420 湿気を避けて保存して下さい。
ﾌﾛﾘﾈﾌ錠0.1mg （海外薬）,このお薬は、合成鉱質コルチコイド剤です。副腎皮質機能低下症 （アジソン病）の治療などに使用されます。 このお薬は、慢性胃炎、腸管麻痺、麻痺性イレウス、尿路閉塞の治 療薬です。,本剤投与後、異常がみられた場合は、すぐに獣医師にご相談下さ い。定期的な検診や検査が必要になります。 本剤投与後、異常がみられた場合は、すぐに獣医師にご相談下さ い。,獣医師の指示のもと、用法用量を守って、正しくご使用下さい。指示 がない限り途中で投与を中止しないで下さい。 光を避けて、冷蔵庫で保管してください。 ﾍﾞｻｺﾘﾝ散5% 獣医師の指示のもと、用法用量を守って、正しくご使用下さい。 湿気を避けて、,室温で保存して下さい。
ﾍﾞﾄﾒﾃﾞｨﾝ1.25mg,このお薬は、心不全治療薬です。心不全の治療に使用されます。,本剤投与後、異常がみられた場合は、すぐに獣医師にご相談下さ い。,獣医師の指示のもと、用法用量を守って正しく与えて下さい。食事 の1時間前に与えるようにしてください。 気密容器に入れて、 直射日光と 高温多湿を避け,室温で保存して下 さい。
ﾍﾞﾄﾒﾃﾞｨﾝ5mg,このお薬は、心不全治療薬です。心不全の治療に使用されます。,本剤投与後、異常がみられた場合は、すぐに獣医師にご相談下さ い。,獣医師の指示のもと、用法用量を守って正しく与えて下さい。食事 の1時間前に与えるようにしてください。 気密容器に入れて、 直射日光と 高温多湿を避け,室温で保存して下 さい。
ベトメディン経口液,＜全 1 ＞ VETRI SAMe90 ベトリルは、S-アデノシルメチオニンを主成分とするサプリメントで す。肝胆道系の治療の際、補助的に使用されます。,本剤投与後、異常がみられた場合はすぐに獣医師にご相談下さ い。 割らずに、食間に与えて下さい。獣医師に相談の上、与えて下さ い。 直射日光と 本剤投与後、異常がみられた場合はすぐ獣医師にご相談下さい。 割らずに、食間に与えてください。獣医師に相談の上、与えて下さ い。 直射日光と,,高温多湿を避けて保存して下さい。 VETRI SAMe225 ベトリルは、S-アデノシルメチオニンを主成分とするサプリメントで す。肝胆道系の治療の際、補助的に使用します。 高温多湿をさけて保存して下さい。
ﾍﾞﾄﾙﾌｧｰﾙ,このお薬は、鎮痛、鎮咳薬です。痛みの緩和や咳止めとして使用さ れます。,本剤投与後、鎮静効果があるため眠くなることがあります。その他 の異常がみられた場合はすぐに獣医師にご相談ください。,獣医師の指示のもと用法用量を守って、正しくご使用下さい。,室温で保存してください。
ﾍﾟﾘｱｸﾁﾝ錠4mg,このお薬は、抗アレルギー剤です。気管支喘息や湿疹・皮膚炎の治 療に使用されます。また、食欲増進にも使用されます。,本剤投与後、異常がみられた場合は、すぐに獣医師にご相談下さ い。,獣医師の指示のもと、用法用量を守って、正しくご使用下さい。,室温で保存して下さい。
このお薬は、抗血小板剤です。血液の凝固を防ぎたいときに使用さ,れます。,本剤投与後、異常がみられた場合は、すぐに獣医師にご相談下さ い。,獣医師の指示のもと、用法用量を守って、正しくご使用下さい。,気密容器に入れて保存して下さい。
ベラプロストＮａ錠,このお薬は、血圧を低下させる作用があり、肺高血圧症の際に使 われます。,本剤投与後、異常がみられた場合は、すぐに獣医師にご相談くださ い。お薬の返品、交換はお受けできませんのでご了承ください。,獣医師の指示のもと、用法用量を必ず守って、使用して下さい。 気密容器に入れ、,室温で保存して下さい。
このお薬は、抗血小板剤です。血液の凝固を防ぎたいときに使用さ,れます。,本剤投与後、異常がみられた場合は、すぐに獣医師にご相談下さ い。,獣医師の指示のもと、用法用量を守って、正しくご使用下さい。,気密容器に入れて保存して下さい。
ﾍﾙﾍﾞｯｻｰ錠30,このお薬は、不整脈の治療や血管を拡張させることで、血圧を管理 するために使用されます。,本剤投与後、胃腸から出血の徴候、その他の異常がみられた場合 はすぐに獣医師にご相談下さい。,獣医師の指示のもと、用法用量を守って、正しくご使用下さい。,室温で保存して下さい。
ペンタサ錠250㎎,このお薬は、潰瘍性大腸炎、炎症性腸症治療剤です。潰瘍性大腸 炎、炎症性腸炎の治療に使用されます。,本剤投与後、異常がみられた場合は、すぐに獣医師にご相談下さ い。,獣医師の指示のもと、用法用量を守って、正しくご使用下さい。 気密容器に入れ、 光を避けて,室温で保存して下さい。 ホエミゲル分包機 リン吸着剤で腎不全などで高リン血症がみられた場合に使われま す。 異常がみられた場合は、獣医師にご相談ください。 ホエミゲル手包み ﾎｽﾃｨｰﾝS このシャンプーは、殺菌・角質溶解・止痒作用により、皮膚糸状菌 症、湿疹、外部寄生虫症の症状の改善に効果があります。 本剤使用後、異常がみられた場合は、使用を中止し、獣医師に相 談して下さい。 あらかじめ皮膚被毛をぬらし、適量の本剤でマッサージしながら洗 浄します。その後すすいでから乾かして下さい。 直射日 光を避けて、 室温で保存して下さい。
ﾎｽﾐｼﾝ錠250,このお薬は、ホスホマイシン系の抗菌剤です。細菌感染の治療に使 用されます。,本剤投与後、嘔吐、下痢などの消化器症状や、その他の異常がみ られた場合は、すぐに獣医師にご相談下さい。,獣医師から指示された用法用量を必ず守って下さい。指示のない 限り、途中で投与を中止しないで下さい。,室温で保存して下さい。
ﾎﾞﾏｼﾞｰﾙｱｸﾃｨﾌﾞ,この製品は、緑イ貝を主成分とした犬用サプリメントです。 給与後、異常がみられた場合は、すぐに獣医師にご相談下さい。 獣医師に相談の上、正しく与えて下さい。 湿気を避けて、,,,室温（30℃以下）で保存して下さい。
ﾎﾞﾏｼﾞｰﾙﾊﾟﾋﾟｰﾌﾟﾛ,この製品は、緑イ貝を主成分とした犬用サプリメントです。 給与後、異常がみられた場合は、すぐに獣医師にご相談下さい。 獣医師に相談の上、正しく与えて下さい。 湿気を避けて、,,,室温（30℃以下）で保存して下さい。
ﾎﾞﾙﾀﾚﾝｻﾎﾟ12.5mg,このお薬は、非ステロイド性鎮痛抗炎症剤です。痛みや炎症を抑 え、熱を下げます。 本剤は坐剤です。絶対に飲ませないで下さい。投与後異常がみら れた場合は、すぐに獣医師にご相談下さい。,,獣医師の指示のもと、用法用量を守って、正しくご使用下さい。 冷所で保存して下さい。,
ﾏｽｷﾝ液(5w/v%),このお薬は、殺菌消毒薬です。 本剤塗布後、過敏症を発現することがあります。異常がみられた場 合は早めに獣医師にご相談下さい。 このお薬は免疫抑制剤です。免疫機能を制限するためなどに使用 されます。,本剤投与後、異常が見られた場合は、すぐに獣医師にご相談くださ い。,獣医師の指示のもと、適切な濃度に希釈し、正しくご使用下さい。 密栓し、 光を避けて、 獣医師の指示のもと、用法用量を守って正しくご使用ください。 高温多湿を避け、,室温で保存して下さい。 ﾐｺﾌｪﾉｰﾙ酸ﾓﾌｪﾁﾙ 室温で保存してください。
ﾐﾆﾌﾟﾚｽ錠0.5mg,このお薬は、降圧剤です。血管を拡張させて、心臓の負担を軽減す る作用があります。 このお薬は、テトラサイクリン系の抗生物質です。細菌感染等に使 用され、腎臓に問題のある動物にも比較的安全に使用できます。,本剤投与後、異常がみられた場合は、すぐに獣医師にご相談下さ い。 本剤投与後、嘔吐、下痢などの消化器症状や、その他の異常がみ られた場合は、すぐに獣医師にご相談下さい。,獣医師の指示のもと、用法用量を守って、正しくご使用下さい。 獣医師から指示された用法用量を必ず守って下さい。指示のない 限り、途中で投与を中止しないで下さい。 光と 湿気を避けて、,室温で保存して下さい。 ミノサイクリン塩酸塩100 室温で保存して下さい。
このお薬は、気道粘液調整剤です。たんを出しやすくし、気道粘膜,を整える場合などに使用されます。,本剤投与後、異常がみられた場合は、すぐに獣医師にご相談下さ い。,獣医師の指示のもと、用法用量を守って、正しくご使用下さい。,室温で保存して下さい。
ﾒｲﾛﾝｸﾞ液,,本剤投与後、異常がみられた場合はすぐに獣医師にご相談下さ い。,獣医師から指示された用法用量を必ず守って与えてくだ下さい。 直射日 光を避け、 湿気の少ない涼しい所で,密閉容器に保存してくだ さい。
メキシレチン塩酸塩錠100ｍｇ「杏林」,このお薬は抗不整脈剤です。不整脈の治療に用いられます。,本剤投与後、下痢や嘔吐などの異常がみられた場合はすぐに獣医 師にご相談ください。,獣医師の指示のもと、用法用量を守って正しくご使用ください。 気密容器に入れ、,光を避けて保存して下さい。
メスチノン60㎎,このお薬は、重症筋無力症治療薬です。筋肉の収縮を助けます。,本剤投与後、異常がみられた場合はすぐに獣医師にご相談下さ い。,獣医師の指示のもと、用法用量を守って、正しくご使用下さい。 光と 湿気を避けて、,室温で保存して下さい。
ﾒﾀｶﾑ0.15%経口懸濁液,このお薬は、非ステロイド性消炎鎮痛剤です。痛みや炎症を抑えま す。,本剤投与後、食欲不振、嘔吐等がみられた場合はすぐに獣医師に ご相談下さい。,獣医師の指示のもと、用法用量を守って正しく与えて下さい。投与 前には容器をよく振り混ぜて下さい。 気密容器に入れ、 直射日光と 高温多湿を避けて、,室温で保存して 下さい。
メタカム0.05%経口懸濁液猫,このお薬は、非ステロイド性消炎鎮痛剤です。痛みや炎症を抑えま す。,本剤投与後、食欲不振、嘔吐等 がみられた場合はすぐに獣医師にご相談ください。 投与前には容器をよく振り混ぜ、空腹時の投与を避けて、食事に混 ぜるか、食後に与えて下さい。 気密容器に入れ、 直射日光と 高温多湿を避けて、,空腹時には投与しないでください。,室温で保存して 下さい。
ﾒﾀｶﾑ錠1.0mg,このお薬は、非ステロイド性消炎鎮痛剤です。痛みや炎症を抑えま す。,本剤投与後、食欲不振、嘔吐等 がみられた場合はすぐに獣医師にご相談下さい。 空腹時の投与を避けて、食事に混ぜるか、食後に与えて下さい。 光を避け 気密容器に入れて、,空腹時には投与しないで下さい。,室温で保存して下さい。
メトクロプラミド５mg,このお薬は、消化管運動機能改善剤です。胃・十二指腸などの運 動機能低下、食欲不振、嘔吐の改善などに使用されます。,本剤投与後、異常がみられた場合はすぐに獣医師にご相談くださ い。,獣医師の指示のもと、用法用量を守って、正しくご使用ください。,室温で保存してください。
プリンペラン,このお薬は、消化管運動機能改善剤です。胃・十二指腸などの運 動機能低下、食欲不振、嘔吐の改善などに使用されます。,本剤投与後、異常がみられた場合は、すぐに獣医師にご相談下さ い。,獣医師の指示のもと、用法用量を守って、正しくご使用下さい。,室温で保存して下さい。
ﾒﾄﾞﾛｰﾙ錠4mg,このお薬は、合成副腎皮質ホルモン剤です。炎症性疾患や免疫性 疾患などに使用されます。,本剤投与後、食欲が増したり、多飲になる場合があります。その 他、異常がみられた場合は獣医師にご相談下さい。,獣医師の指示のもと、用法用量を守って、正しくご使用下さい。指示 がない限り途中で投与を中止しないで下さい。,室温で保存して下さい。
メバロチン錠5,このお薬は、高脂血症の治療薬です。脂質の代謝異常を改善しま す。,本剤投与後、異常がみられた場合は、すぐに獣医師にご相談下さ い。,獣医師の指示のもと、用法用量を守って、正しくご使用下さい。,室温で保存して下さい。
ﾒﾗﾄﾆﾝ3㎎（海外薬）,このお薬は、ホルモン剤です。脱毛症、問題行動、睡眠障害などの 治療に使用されます。,本剤投与後、異常がみられた場合は、すぐに獣医師にご相談下さ い。,獣医師の指示のもと、用法用量を守って、正しくご使用下さい。 密閉容器に入れて、,室温で保存して下さい。
メラトニン5mg（海外薬）,このお薬は、ホルモン剤です。脱毛症、問題行動、睡眠障害などの 治療に使用されます。,本剤投与後、異常がみられた場合は、すぐに獣医師にご相談下さ い。,獣医師の指示のもと、用法用量を守って、正しくご使用下さい。 密閉容器に入れて、,室温で保存して下さい。
ﾒﾙｶｿﾞｰﾙ錠5mg,このお薬は、抗甲状腺剤です。甲状腺機能亢進症の治療に使用さ れ、過剰な甲状腺ホルモンの合成を抑制します。 このお薬は、感染性外耳炎治療剤です。細菌や真菌による外耳炎 の治療に使用されます。 本剤使用後、異常がみられた場合は使用を中止し、獣医師にご相 談下さい。,本剤投与後、異常がみられた場合は、すぐに獣医師にご相談下さ い。定期的な検診が必要になります。,獣医師の指示のもと、用法用量を守って、正しくご使用下さい。 獣医師の指示のもと、用法用量を守り、開封後は、同封の投与補 助器に取替えてご使用下さい。 直射日光・,室温で保存して下さい。 ﾓﾒﾀｵﾃｨｯｸ(215g) 高温を避けて保存して下さい。投与補助器をつけたまま 保存する場合は、蓋をして下さい。
ﾕﾍﾞﾗ錠50mg,このお薬は、ビタミンE製剤です。ビタミンEの欠乏症、末梢循環障害 の治療や過酸化脂質の増加防止などに使用されます。,本剤投与後、便秘、下痢、発疹などが起こることがあります。異常 がみられた場合はすぐに獣医師にご相談下さい。,獣医師の指示のもと、用法用量を守って、正しくご使用下さい。 湿気を避けて、,室温で保存して下さい。処方期間を過ぎた薬は廃棄 して下さい。
ユベ-E錠100㎎,このお薬は、ビタミンE製剤です。ビタミンEの欠乏症、末梢循環障害 の治療や過酸化脂質の増加防止などに使用されます。 このお薬は、便秘や肝性脳症の治療などに使用されます。,本剤投与後、便秘、下痢、発疹などが起こることがあります。異常 がみられた場合はすぐ獣医師にご相談ください。 本剤投与後、異常がみられた場合は、すぐに獣医師にご相談下さ い。,獣医師の指示のもと、用法用量を守って、正しくご使用ください。 湿気を避けて、 獣医師の指示のもと、用法用量を守って、正しくご使用下さい。便秘 治療の際には、便の様子を見ながら調整して下さい。,室温で保存して下さい。処方期間を過ぎた薬は破棄 して下さい。 ﾗｸﾂﾛｰｽ･ｼﾛｯﾌﾟ60%｢ｺｰﾜ｣ 気密容器に入れて、涼しい所で保存して下さい。
ﾗｼｯｸｽ錠20mg,このお薬は、利尿剤です。うっ血性心不全や肺水腫の症状の改善 のために使用されます。,本剤投与後、過度の渇き、無気力、乏尿、胃腸障害など異常がみら れた場合はすぐに獣医師にご相談下さい。,獣医師の指示のもと、用法用量を守って、正しくご使用下さい。 光を避けて、,室温で保存して下さい。
ラニチジン75ｍｇ,このお薬は、Ｈ2ブロッカーです。胃・十二指腸の潰瘍などの治療に 使用されます。,本剤投与後、異常がみられた場合は、すぐに獣医師にご相談下さ い。,獣医師の指示のもと、用法用量を守って、正しくご使用ください。 光と 湿気を避けて、,室温で保存して下さい。
ラニチジン,このお薬は、H2ブロッカーです。胃・十二指腸の潰瘍などの治療に 使用されます。,本剤投与後、異常がみられた場合は、すぐに獣医師にご相談くださ い。,獣医師の指示のもと、用法用量を守って、正しくご使用下さい。 光と 湿気を避けて、,室温で保存して下さい。
ﾗｯｶﾙﾐﾝ錠25mg,このお薬は、利尿剤です。うっ血性心不全や肺水腫の症状の改善 のために使用されます。 このお薬は、セフェム系第1世代の抗生物質です。細菌感染の治療 に使用されます。 このお薬は、セフェム系第1世代の抗生物質です。細菌感染の治療 に使用されます。,本剤投与後、消化器症状、神経症状などがみられた場合はすぐに 獣医師にご相談下さい。 本剤投与後、嘔吐、下痢などの消化器症状や、その他の異常がみ られた場合は、すぐに獣医師にご相談下さい。 本剤投与後、嘔吐、下痢などの消化器症状や、その他の異常がみ られた場合は、すぐに獣医師にご相談下さい。,獣医師の指示のもと、用法用量を守って、正しくご使用下さい。 光を避けて、 獣医師から指示された用法用量を必ず守って下さい。指示のない 限り、途中で投与を中止しないで下さい。 光を避けて、 獣医師から指示された用法用量を必ず守って下さい。指示のない 限り、途中で投与を中止しないで下さい。 光を避けて、,室温で保存して下さい。 ﾗﾘｷｼﾝﾄﾞﾗｲｼﾛｯﾌﾟ小児用10% 室温で保存して下さい。 ﾗﾘｷｼﾝﾄﾞﾗｲｼﾛｯﾌﾟ小児用20% 室温で保存して下さい。
ラプロス,このお薬は、プロスタサイクリン誘導薬で、猫の慢性腎臓病に使用 されます。腎機能低下を抑え、症状の改善を目的に使用されます。,本剤投与後に異常がみられた場合はすぐに獣医師にご相談くださ い。,獣医師の指示のもと、用法用量を守って使用して下さい。 本剤は、食後に投与してください。 気密容器に入れ、 光を避けて,室温で保存して下さい。
リパクレオンカプセル150ｍｇ,このお薬は、消化酵素剤です。膵外分泌不全の治療などに使用さ れます。,本剤投与後、異常が見られた場合は獣医師にご相談ください。,獣医師の指示のもと、決められた用量を投与してください。,
リコンサイル錠 8mg,このお薬は、行動療法を伴う分離不安の治療補助に使われます。,本剤投与後、異常がみられた場合は獣医師にご相談下さい。 本剤は要指示医薬品です。獣医師の処方箋、指示のもと、用法用 量を守って正しくご使用下さい。 直射日光、高温多湿を避け保管してください。,,
リマプロストアルファデクス錠,リレキシペット300 このお薬は、セフェム系第１世代の抗生物質です。細菌感染の治療 に使用されます。,本剤投与後、嘔吐、下痢などの消化器症状や、その他の異常がみ られた場合は、すぐに獣医師にご相談ください。,獣医師の指示された用法用量を必ず守ってください。指示のない限 り、途中で投与を中止しないでください。,気密容器に入れて保存してください。
リレキシペットA錠600,このお薬は、抗生物質です。細菌感染の治療に使用されます。,本剤投与後、嘔吐、下痢などの消化器症状や、その他の異常がみ られた場合は、すぐに獣医師にご相談下さい。,獣医師の指示のもと、用法用量を守って、正しく与えて下さい。 気密容器に入れて,室温保存して下さい。
ﾘﾝﾊﾟｸﾄﾃﾞﾘﾀﾌﾞ,この製品は、3種のキノコから抽出された成分を、犬猫の,嗜好性が 高い素材に配合した犬猫用サプリメントです。 給与後、異常がみられた場合は、すぐに獣医師にご相談下さい。 獣医師に相談の上、正しく与えて下さい。 直射日光と 湿気を避けて、,,室温で保存して下さい。
ﾙﾌﾟﾗｯｸ錠4mg,このお薬は、利尿剤です。うっ血性心不全や肺水腫の症状の改善 のために使用されます。,本剤投与後、異常がみられた場合は、すぐに獣医師にご相談下さ い。,獣医師の指示のもと、用法用量を守って、正しくご使用下さい。,室温で保存して下さい。
ﾙﾌﾟﾗｯｸ錠8mg,このお薬は、利尿剤です。うっ血性心不全や肺水腫の症状の改善 のために使用されます。 この製品は、LR（ルンブルクスルベルス）末を主成分とした動物用 のサプリメントです。 給与後、異常がみられた場合は、すぐに獣医師にご相談下さい。 獣医師に相談の上、正しく与えて下さい。,本剤投与後、異常がみられた場合は、すぐに獣医師にご相談下さ い。,獣医師の指示のもと、用法用量を守って、正しくご使用下さい。,室温で保存して下さい。 ﾙﾝﾜﾝS 室温で保存して下さい。
ﾚｸﾁｿﾞｰﾙ錠25mg,このお薬は、人のハンセン病治療薬です。動物では天庖瘡等の治 療に使用されます。,本剤投与後、異常がみられた場合は投与を中止し、すぐに獣医師 にご相談下さい。,獣医師の指示のもと、用法用量を守って、正しくご使用下さい。 光を避けて、,室温で保存して下さい。
ﾚｺﾙｸ錠25mg,このお薬は、前立腺肥大症治療薬です。前立腺の肥大に伴う排尿 障害、頻尿、残尿感などを改善します。,本剤投与後、異常がみられた場合は、すぐに獣医師にご相談下さ い。定期的な検査が必要です。,獣医師の指示のもと、用法用量を守って、正しくご使用下さい。,室温で保存して下さい。
レセプロン錠100 辰巳化学,このお薬は経口の蛋白分解酵素阻害剤です。膵炎やＤＩＣの治療時 に使用されます。,本剤投与後、異常がみられた場合は、すぐに獣医師にご相談くださ い。,,
レスタミン,このお薬は抗ヒスタミン剤です。アレルギーの症状を誘発するヒスタ ミンなどの発生を抑えます。,本剤投与後に嘔吐などの異常がみられた場合は、すぐに獣医師に ご相談ください。,獣医師の指示のもと、用法用量を守って正しく与えてください。 直射日 光を避け、,室温で保存してください。
レペタン,このお薬は、鎮痛剤で、術後鎮痛や癌疼痛などにも用いられます。 軽度の鎮静作用もあります。,本剤投与後、異常が認められた場合はすぐに獣医師にご相談くだ さい。,獣医師の指示のもと、用法用量を守って、正しくご使用ください。,
ﾚﾍﾞﾝﾀ,このお薬は、甲状腺ホルモン剤です。甲状腺ホルモンを補充・治療 するために使用されます。,本剤投与後、異常がみられた場合は、すぐに獣医師にご相談下さ い。,獣医師の指示のもと、用法用量を守って、正しくご使用下さい。指示 がない限り途中で投与を中止しないで下さい。,冷蔵庫（2～8℃）で保存してください。
レベチラセタム錠250ｍｇ,このお薬は、てんかん発作を抑制・軽減するお薬です。 投与初期に、元気がない、食欲がない、寝てばかりいる、ふらつくな どの症状がみられる場合があります。,,獣医師の指示のもと、用法用量を守って正しくご使用下さい。 湿気を避け、,室温で保存してください。
レネバル錠15,このお薬は、ニューキノロン系の抗菌剤です。細菌感染の治療に使 用されます。,本剤投与後、嘔吐、下痢などの消化器症状や、その他の異常が見 られた場合は、すぐ獣医師にご相談ください。,獣医師から指示された用法用量を必ず守ってください。指示のない 限り、途中で投与を中止しないでください。,小児の手の届かないところで保存してください。
レメロン,このお薬は、ノルアドレナリン作動性・特異的セロトニン作動性抗う つ薬です。動物では、嘔吐の抑制、食欲増進目的で使用されます。,本剤投与後、異常がみられた場合はすぐに獣医師にご相談下さ い。,獣医師の指示のもと、用法用量を守って正しくご使用下さい。 室内で保存して下さい。,
ﾛｷｿﾆﾝ錠60mg,このお薬は、非ステロイド性消炎鎮痛剤です。痛みや炎症を抑えま す。,本剤投与後、食欲不振、嘔吐等 がみられた場合はすぐに獣医師にご相談下さい。 空腹時の投与を避けて、食事に混ぜるか、食後に与えて下さい。,空腹時には投与しないで下さい。,室温で保存して下さい。
ﾛﾍﾟﾗﾆｰﾙｶﾌﾟｾﾙ1mg,このお薬は、下痢の治療薬です。異常な腸管蠕動の抑制により下 痢を治します。,本剤投与後、便秘、嘔吐が起こることがあります。異常がみられた 場合はすぐに獣医師にご相談下さい。,獣医師の指示のもと、用法用量を守って、正しくご使用下さい。,気密容器に保存して下さい。
ロペラミド錠1mg,このお薬は、下痢の治療薬です。腸管蠕動の抑制などにより下痢 を治します。,本剤投与後、便秘、嘔吐が起こることがあります。異常がみられた 場合はすぐに獣医師にご相談下さい。,獣医師の指示のもと、用法用量を守って、正しくご使用下さい。 湿気を避けて、,室温で保存して下さい。
ロペラミド塩酸塩カプセル1ｍｇ,このお薬は、下痢の治療薬です。腸管蠕動の抑制により下痢を治し ます。,本剤投与後、便秘、嘔吐が起こることがあります。異常がみられた 場合は、すぐに獣医師にご相談下さい。,獣医師の指示のもと、用法用量を守って、正しくご使用下さい。,気密容器に入れて保存して下さい。 ロニダゾール（海外薬）
塩化ﾘｿﾞﾁｰﾑ錠｢ｲﾜｷ｣30mg,このお薬は、消炎酵素剤です。炎症による腫れを抑え、たんや膿を 溶かして排泄させやすくします。,本剤投与後、異常がみられた場 合は、すぐに獣医師にご相談下さい。 空腹時の投与を避けて、食事と一緒、もしくは食後に与えて下さい。 光と 湿気を避けて、 本剤投与後、食欲、食水、尿量がますことがあります。また、嘔吐や 下痢がみられる場合があります。,空腹時には投与しないで下さい。 獣医師の指示のもと、用法用量を守り、食事に混ぜて投与して下さ い。 飲ませる際にはよく振ってから投与して下さい。 気密容器に入れて、,室温で保存して下さい。 臭化ｶﾘｳﾑ この薬は、抗てんかん剤です。脳神経の興奮を抑えることができま す。 効果が認められるまで２カ月ほどかかります。 室温で保存して下さい。
ガリプラント錠20ｍｇ,この製品は、犬の非ステロイド性消炎鎮痛剤です。痛みや炎症を抑 えます。,本製品を使用後、異常がみられた場合は、すぐに獣医師にご相談 下さい。,獣医師の指示のもと、用法用量を守って、正しくご使用下さい。,高温および多湿を避けて保存してください。
アトモアチュアブル25ｍｇ,難治性のアトピー性皮膚炎における症状の緩和,,,
アトモアチュアブル50ｍｇ,難治性のアトピー性皮膚炎における症状の緩和,,,
ガリプラント錠60㎎,この製品は、犬の非ステロイド性消炎鎮痛剤です。痛みや炎症を抑 えます。,本製品を使用後、異常がみられた場合は、すぐに獣医師にご相談 下さい。,獣医師の指示のもと、用法用量を守って、正しくご使用下さい。,高温および多湿を避けて保存してください。
アクロマイシンV カプセル250mg,このお薬は、テトラサイクリン系の抗生物質です。細菌感染の治療 や、免疫系の疾患の治療等に使用されます。,本剤投与後、嘔吐、下痢などの消化器症状や、その他の異常がみ られた場合は、すぐに獣医師にご相談下さい。,獣医師から指示された用法用量を必ず守って下さい。指示のない 限り、途中で投与を中止しないで下さい。 湿気を避けて、,室温で保存して下さい。
クロロマイセチン錠250,このお薬は、クロラムフェニコール系の抗生物質です。細菌感染の 治療に使用されます。,本剤投与後、嘔吐、下痢などの消化器症状や、その他の異常がみ られた場合は、すぐに獣医師にご相談下さい。,獣医師から指示された用法用量を必ず守って下さい。指示のない 限り、途中で投与を中止しないで下さい。,室温で保存して下さい。
ホリゾン錠５ｍｇ,このお薬は、ベンゾジアゼピン系の抗うつ剤です。脳内の神経細胞 の働きを抑制することによって、不安や緊張を和らげます。,本剤投与後、行動の変化（興奮や鎮静など）が見られた場合、すぐ に獣医師にご相談ください。,獣医師の指示のもと、用法用量を守って、正しくご使用下さい。,室温で保存して下さい。
メトリジン錠２mg,末梢血管を収縮させて、血圧を上昇させる作用があります。心臓や 脳の血管にはほとんど作用しません。 通常、本態性低血圧症や起立性低血圧症の治療に用いられます。 以前に薬や食べ物で、かゆみ、発疹などのアレルギー症状が出た ことがある。甲状腺機能亢進症、褐色細胞腫、心臓障害、血管障 害、腎障害、高血圧、前立腺肥大に伴う排尿困難 妊娠または授乳中 他に薬を使っている（お互いに作用を強めたり、弱めたりする可能 性もありますので、大衆薬も含めて他に使用中の医薬品に注意し てください）。 乳幼児、小児の手の届かないところで、直射日光、高温、湿気を避 けて保管してください。 薬が残った場合、保管しないで廃棄してください。,,,
アルファロール,このお薬は、ビタミンD製剤です。ビタミンD不足が原因で発症した、 低カルシウム血症などの治療に使用されます。,本剤投与後、十分水分をとって下さい。,獣医師の指示のもと、用法用量を守って、正しくご使用下さい。 気密容器に入れ、 光を避けて,室温で保存して下さい。
ラキソベロン内用液0.75％,このお薬は、便秘の治療薬です。術後や造影剤投与後の排便も促 進します。,本剤投与後、異常がみられた場合は、すぐに獣医師にご相談下さ い。,獣医師の指示のもと、便の様子を見ながら、調整して投与して下さ い。 気密容器に入れて、,室温で保存して下さい。
セミントラ 4mg/ml経口液猫 30ml,このお薬は、慢性腎臓病の猫における尿蛋白の漏出を緩和させま す。また、全身性高血圧症の治療に使用するお薬です。,本剤投与後、異常がみられた場合は、すぐに獣医師にご相談下さ い。,獣医師の指示のもと、用法用量を守って正しく与えて下さい。 気密容器に入れ、 直射日光と 高温多湿を避けて、,室温で保存して 下さい。
フォーサイロン錠400μg,バイコックス 1ml,,,
イソソルビド内用液（イソバイドシロップ）,このお薬は、緑内障の治療薬として眼圧の低下、脳内疾患の治療 として脳圧の減少、無尿時の治療として尿量の増加などを期待して 使われます。,本剤投与後、異常がみられた場合は、すぐに獣医師にご相談下さ い。,獣医師の指示に従い、1日2-3回服用してください。 気密容器に入れて、,室温で保存して下さい。
ベザフィブラートSR錠,高脂血症のお薬です,,,
アテノロール錠25㎎,このお薬は、慢性心不全治療薬です。僧帽弁閉鎖不全症や心筋症 などの治療に使用されます。,本剤投与後、食欲低下・めまい・ふらつき等の異常がみられた場合 は、すぐに獣医師にご相談下さい。,獣医師の指示のもと、用法用量を守って、正しくご使用下さい。,室温で保存してください。
